Acidaminococcus_intestini,Actinomyces_graevenitzii,Adlercreutzia_equolifaciens,Agathobaculum_butyriciproducens,Aggregatibacter_segnis,Akkermansia_muciniphila,Alistipes_finegoldii,Alistipes_indistinctus,Alistipes_onderdonkii,Alistipes_putredinis,Alistipes_shahii,Alloscardovia_omnicolens,Amedibacillus_dolichus,Anaerobutyricum_hallii,Anaerofustis_stercorihominis,Anaerostipes_caccae,Anaerostipes_hadrus,Anaerotignum_lactatifermentans,Anaerotruncus_colihominis,Atopobium_deltae,Atopobium_minutum,Bacteroides_caccae,Bacteroides_cellulosilyticus,Bacteroides_clarus,Bacteroides_eggerthii,Bacteroides_faecis,Bacteroides_finegoldii,Bacteroides_fragilis,Bacteroides_intestinalis,Bacteroides_ovatus,Bacteroides_stercoris,Bacteroides_thetaiotaomicron,Bacteroides_uniformis,Bacteroides_xylanisolvens,Barnesiella_intestinihominis,Bifidobacterium_adolescentis,Bifidobacterium_angulatum,Bifidobacterium_animalis,Bifidobacterium_bifidum,Bifidobacterium_breve,Bifidobacterium_catenulatum,Bifidobacterium_dentium,Bifidobacterium_longum,Bifidobacterium_pseudocatenulatum,Bilophila_wadsworthia,Blautia_hansenii,Blautia_hydrogenotrophica,Blautia_obeum,Blautia_producta,Blautia_wexlerae,Butyricimonas_virosa,Butyrivibrio_crossotus,Catenibacterium_mitsuokai,Christensenella_hongkongensis,Christensenella_minuta,Citrobacter_braakii,Citrobacter_freundii,Clostridioides_difficile,Clostridium_cadaveris,Clostridium_celatum,Clostridium_disporicum,Clostridium_paraputrificum,Clostridium_perfringens,Collinsella_aerofaciens,Collinsella_intestinalis,Coprobacillus_cateniformis,Coprobacter_fastidiosus,Coprococcus_catus,Coprococcus_comes,Coprococcus_eutactus,Desulfovibrio_fairfieldensis,Desulfovibrio_piger,Dialister_invisus,Dialister_pneumosintes,Dielma_fastidiosa,Disease,Dorea_formicigenerans,Dorea_longicatena,Eggerthella_lenta,Eikenella_corrodens,Eisenbergiella_massiliensis,Eisenbergiella_tayi,Enorma_massiliensis,Enterocloster_aldenensis,Enterocloster_asparagiformis,Enterocloster_bolteae,Enterocloster_citroniae,Enterocloster_clostridioformis,Enterocloster_lavalensis,Enterococcus_avium,Enterococcus_faecalis,Enterococcus_faecium,Enterococcus_gallinarum,Erysipelatoclostridium_ramosum,Escherichia_coli,Eubacterium_limosum,Eubacterium_ramulus,Eubacterium_ventriosum,Faecalibacterium_prausnitzii,Faecalicatena_orotica,Faecalicoccus_pleomorphus,Faecalitalea_cylindroides,Finegoldia_magna,Flavonifractor_plautii,Fusicatenibacter_saccharivorans,Fusobacterium_gonidiaformans,Fusobacterium_nucleatum,Gemella_asaccharolytica,Gemella_haemolysans,Gemella_morbillorum,Gemella_sanguinis,Gemmiger_formicilis,Gordonibacter_pamelaeae,Granulicatella_adiacens,Haemophilus_parainfluenzae,Holdemanella_biformis,Holdemania_filiformis,Hungatella_hathewayi,Intestinibacter_bartlettii,Intestinimonas_butyriciproducens,Klebsiella_michiganensis,Klebsiella_oxytoca,Klebsiella_pneumoniae,Klebsiella_quasipneumoniae,Klebsiella_variicola,Lachnospira_eligens,Lachnospira_pectinoschiza,Lacticaseibacillus_rhamnosus,Lactobacillus_acidophilus,Lactobacillus_crispatus,Lactobacillus_gasseri,Lactococcus_lactis,Lactonifactor_longoviformis,Lancefieldella_parvula,Lancefieldella_rimae,Latilactobacillus_sakei,Lawsonibacter_asaccharolyticus,Ligilactobacillus_ruminis,Ligilactobacillus_salivarius,Limosilactobacillus_fermentum,Limosilactobacillus_oris,Limosilactobacillus_vaginalis,Massilimicrobiota_timonensis,Megamonas_funiformis,Methanobrevibacter_smithii,Monoglobus_pectinilyticus,Odoribacter_splanchnicus,Parabacteroides_distasonis,Parabacteroides_goldsteinii,Parabacteroides_johnsonii,Parabacteroides_merdae,Paraprevotella_xylaniphila,Parasutterella_excrementihominis,Parvimonas_micra,Pediococcus_acidilactici,Peptoniphilus_coxii,Peptoniphilus_duerdenii,Peptoniphilus_harei,Peptostreptococcus_anaerobius,Peptostreptococcus_stomatis,Phascolarctobacterium_faecium,Phascolarctobacterium_succinatutens,Phocaeicola_coprocola,Phocaeicola_dorei,Phocaeicola_massiliensis,Phocaeicola_plebeius,Phocaeicola_vulgatus,Porphyromonas_asaccharolytica,Porphyromonas_uenonis,Prevotella_bivia,Prevotella_buccalis,Prevotella_stercorea,Prevotella_timonensis,Proteus_mirabilis,Romboutsia_ilealis,Roseburia_faecis,Roseburia_hominis,Roseburia_intestinalis,Roseburia_inulinivorans,Rothia_mucilaginosa,Ruminococcus_bicirculans,Ruminococcus_bromii,Ruminococcus_callidus,Ruthenibacterium_lactatiformans,Sarcina_ventriculi,Scardovia_wiggsiae,Schaalia_odontolytica,Schaalia_turicensis,Sellimonas_intestinalis,Slackia_isoflavoniconvertens,Solobacterium_moorei,Staphylococcus_aureus,Streptococcus_agalactiae,Streptococcus_australis,Streptococcus_gordonii,Streptococcus_infantis,Streptococcus_mitis,Streptococcus_mutans,Streptococcus_oralis,Streptococcus_parasanguinis,Streptococcus_salivarius,Streptococcus_sanguinis,Streptococcus_thermophilus,Streptococcus_vestibularis,Turicibacter_sanguinis,Turicimonas_muris,Tyzzerella_nexilis,Veillonella_atypica,Veillonella_dispar,Veillonella_parvula
0.0,0.0,1.1161,2.14691,0.0,0.0,0.0,0.0,0.0,0.0,0.0,0.0,0.0,0.0,0.0,0.0,4.03282,0.0,0.0,0.0,0.0,0.0,0.0,0.0,0.0,0.0,0.0,0.02079,0.0,0.0,0.0,0.0,0.0,0.0,0.0,0.62829,0.0,0.0,5.76727,0.0,0.0,0.0,16.74248,10.74635,0.0,0.0,0.0,1.45158,0.0,0.93082,0.0,0.0,0.0,0.0,0.0,0.0,0.0,0.0,0.0,0.0,0.33362,0.0,0.0,11.8943,0.0,0.0,0.0,0.0,0.0,0.0,0.0,0.0,0.0,0.0,0.0,1,0.0,3.81475,1.73556,0.0,0.0,0.0,0.0,0.0,0.0,0.0,0.0,0.0,0.0,0.0,0.0,0.0,0.0,0.0,0.0,0.0,0.9479,0.0,0.22451,0.0,0.0,0.0,0.0,0.0,23.2154,0.0,0.0,0.0,0.0,0.0,0.04122,0.0,0.57604,0.0,0.0,0.0,0.0,0.0,0.31338,0.0,0.0,0.0,0.0,0.0,0.0,0.0,0.0,0.0,0.0,0.0,0.0,0.0,0.0,0.0,0.0,0.0,0.0,0.0,0.0,0.0,0.0,0.0,0.0,0.0,0.0,0.0,0.0,0.0,0.0,0.0,0.0,0.0,0.0,0.0,0.0,0.0,0.0,0.0,0.0,0.0,0.0,0.0,0.0,0.0,0.0,0.0,0.0,0.0,0.0,0.0,0.0,0.0,0.0,0.0,0.0,0.0,0.0,0.0,0.0,0.0,0.0,0.0,0.0,0.0,0.0,0.0,0.0,0.0,0.03272,0.0,0.0,0.0,0.0,0.0,0.08811,0.0,0.0,0.0,0.0,0.13003,0.64953,0.0,0.03557,0.0,0.05136,0.0,0.0,0.0,0.0,0.0
0.0,0.0,0.0,0.00454,0.0,0.28679,0.16776,0.0,0.0,0.0,0.0,0.0,0.0,3.12107,0.86089,0.0,3.00205,0.0,0.0,0.0,0.0,0.0,0.0,0.0,0.0,0.0,0.0,0.0,0.0,0.0,0.0,0.0,0.0,0.0,0.0,0.0,0.0,0.0,0.0,0.0,0.0,0.0,0.0,0.0,0.0,0.0,2.65532,0.0,0.0,3.46423,0.0,0.0,0.0,0.0,0.0,0.0,0.0,0.0,0.0,0.0,0.0,0.0,0.0,0.0,0.0,0.0,0.0,0.00962,1.26781,0.0,0.0,0.0,0.0,0.0,0.0,1,6.22473,3.19889,12.78431,0.0,0.0049,0.27428,0.0,0.0,0.0,0.13675,0.0,0.0,0.0,0.0,0.0,0.0,0.0,0.0,9.27177,0.0,0.2056,0.0,0.06364,0.0,0.0,0.0,0.0,0.0,0.0,0.0,0.0,0.0,0.0,0.0,0.0,0.0,1.34201,0.0,0.0,0.0,0.0,0.0,0.03034,0.0,0.0,0.0,9.19444,0.42283,1.42859,0.0,0.0,0.0,0.0,0.0,0.0,0.0,0.0,0.0,0.0,0.0,0.0,0.0,0.0,0.0,0.0,0.0,0.0,0.0,0.25203,0.0,0.0,0.0,0.0,0.0,0.0,0.0,0.0,0.0,0.0,0.0,0.0,0.0,0.0,0.0,0.0,0.0,0.0,0.0,0.0,0.0,0.0,0.0,0.0,0.0,0.0,0.0,0.0,0.0,0.0,0.0,0.0,0.0,0.0,0.0,0.0,0.0,0.0,0.69538,0.0,0.0,0.0,0.0,0.0,0.0,0.0,0.0,0.0,0.0,0.0,0.0,0.0,0.0,0.0,0.0,0.0,0.0,0.0,0.0,0.0,0.0,0.0,0.0,0.0,0.0
0.0,0.0,0.0,0.0,0.0,0.0,0.01116,0.0,0.0,0.0,0.0,0.0,0.0,0.0,0.18978,0.0,0.0,0.0,0.0,0.0,0.0,0.0,0.0,0.0,0.0,0.0,0.0,0.0,0.0,0.0,0.0,0.0,0.0,0.0,0.0,0.0,0.0,0.0,0.0,0.0,0.0,0.0,0.0,0.0,0.0,0.0,0.08356,0.0,0.0,6.23711,0.0,0.0,0.0,0.0,0.0,0.0,0.0,0.0,0.0,0.0,0.0,0.0,0.0,0.0,0.0,0.0,0.0,0.0,1.5703,0.0,0.0,0.0,0.0,0.0,0.0,1,0.444,0.72404,0.11775,0.0,0.0,0.0,0.0,0.0,0.0,0.0,0.0,0.0,0.0,0.0,82.67844,0.0,0.0,1.02379,0.0,0.0,0.0,0.0,0.0,0.0,0.0,0.0,0.0,0.0,0.0,0.0,0.0,0.0,0.0,0.0,0.0,0.0,0.02927,0.0,0.0,0.0,0.0,0.0039,0.39158,0.00469,0.0,0.0,0.0,0.0,0.0,0.0,0.0,0.0,0.0,0.0,0.0,0.0,0.0,0.0,0.0,0.0,0.0,0.0,0.0,0.0,0.0,0.0,0.0,0.0,0.0,0.0,0.0,0.0,0.0,0.0,0.0114,0.0,0.0,0.0,0.0,0.0,0.0,0.0,0.0,0.0,0.0,0.0,0.0,0.0,0.0,0.0,0.0,0.0,0.0,0.0,0.0,0.0,0.0,0.0,0.0,0.0,0.0,0.0,0.0,0.0,0.0,0.0,0.0,0.00205,0.0,0.0,0.0,0.0,0.0,0.0,0.0,0.0,0.0,0.0,0.0,0.0,0.0,0.0,0.0,0.0,0.0,0.0,0.0,0.0,0.0,0.0,0.0,0.0,0.0,0.0
0.0,0.0,0.0,0.0,0.0,0.0,0.0,0.0,0.0,0.0,0.0,0.0,0.0,0.0,0.0,0.0,0.0,0.0,0.0,0.0,0.0,0.0,0.0,0.0,0.0,0.0,0.0,0.0,0.0,0.0,0.0,0.0,0.0,0.0,0.0,0.0,0.0,0.0,0.0,0.0,0.0,0.0,0.0,0.0,0.0,0.0,0.45322,0.0,0.0,0.01134,0.0,0.0,0.0,0.0,0.0,0.0,0.0,0.0,0.0,0.0,0.0,0.0,0.0,0.0,0.0,0.0,0.0,0.0,0.0,0.0,0.0,0.0,0.0,0.0,0.0,1,0.0,0.0,0.14721,0.0,0.0,0.03616,0.0,0.0,0.0,0.0,0.0,0.0,0.0,0.0,98.73735,0.0,0.0,0.0,0.0,0.0,0.0,0.0,0.0,0.0,0.0,0.0,0.0,0.0422,0.0,0.0,0.0,0.0,0.0,0.0,0.0,0.0,0.01881,0.0,0.0,0.0,0.0,0.0,0.00863,0.0,0.0,0.0,0.0,0.0,0.0,0.0,0.0,0.0,0.0,0.0,0.0,0.0,0.0,0.0,0.0,0.0,0.0,0.0,0.0,0.0,0.0,0.0,0.0,0.0,0.0,0.0,0.0,0.0,0.0,0.0,0.0022,0.0,0.0,0.0,0.0,0.0,0.0,0.0,0.0,0.0,0.0,0.0,0.0,0.0,0.0,0.0,0.0,0.0,0.0,0.0,0.0,0.0,0.0,0.0,0.0,0.0,0.0,0.0,0.0,0.0,0.0,0.0,0.0,0.01762,0.0,0.0,0.0,0.0,0.0,0.0,0.0,0.0,0.0,0.0,0.0,0.0,0.0,0.0,0.0,0.0,0.0,0.0,0.0,0.0,0.0,0.0,0.0,0.0,0.0,0.0
0.0,0.0,0.61025,0.0,0.0,0.0,0.0,0.0,0.0,0.15026,0.0,0.0,0.0,3.47712,0.0,0.0,0.28357,0.0,0.0,0.0,0.87988,0.1185,0.0,0.0,0.0,0.0,0.0,0.2679,0.0,0.0,0.0,0.0,0.0,0.0,0.12328,45.99396,0.0,0.0,0.0,0.0,0.0,0.0,4.86194,0.16963,0.0,0.0,0.0,1.85923,0.0,0.69429,0.0,0.0,0.0,0.01043,0.0,0.0,0.0,0.0,0.0,0.0,0.0,0.0,0.0,19.09287,0.00491,0.0,0.0,0.0,1.81157,0.02241,0.0,0.0,0.03508,0.0,0.0,0,2.58724,3.78202,0.1068,0.0,0.0,0.0,0.0,0.0,0.0,0.0,0.0,0.0,0.0,0.0,0.0,0.0,0.0,0.0,1.27983,0.0,0.29967,0.0,0.57665,0.0,0.0,0.0,0.0,0.0,0.75775,0.0,0.0,0.0,0.0,0.0,0.0,0.09198,0.04107,0.0,0.0,0.26202,0.0,0.0,0.02685,0.0,0.0,0.0,0.0,0.0,0.0,0.01904,0.0,0.0,0.0,0.0,0.0,0.0,0.0,0.0,0.0,0.0,0.0,0.0,0.0,0.0,0.0,0.0,0.0,0.02924,0.0,0.0,0.0,0.0,0.0,0.0,0.08313,0.0,0.0,0.0,0.0,0.0,0.0,0.0,0.0,0.0,0.0,0.0,0.0,0.0,0.0,0.0,0.09877,0.0,0.0,0.0,0.0,0.0,0.0,0.0,0.0,0.08146,0.0,0.0,0.04291,0.0,0.02968,0.0,0.0,0.25909,0.0,0.0,0.0,2.2659,0.0,0.0,0.0,0.0,0.0,0.00626,0.0,0.0,0.0,0.00147,0.0,0.0897,1.98041,0.04483,0.0615,0.0,0.0,0.0,0.0,0.0,0.0,0.0
0.0,0.0,0.20172,1.08163,0.0,0.05283,0.0,0.0,0.0,0.01461,0.0,0.0,0.0,1.38791,0.0,0.0,1.15159,0.0,0.0,0.0,0.0,0.12177,0.0,0.0,0.0,0.0,0.0,0.0,0.0,0.0,0.0,0.00069,0.26618,0.02143,0.0,5.84213,0.0,0.0,0.0,0.0,0.0,0.0,3.06759,0.0,0.0,0.0,0.0,2.41835,0.0,1.37718,0.0,0.0,0.0,0.0,0.0,0.0,0.0,0.0,0.0,0.0,0.0,0.0,0.0,9.08807,0.0,0.0,0.0,0.68194,3.7562,7.34855,0.0,0.00517,0.0,0.0,0.0,0,5.39658,6.73416,0.00894,0.0,0.0,0.0,0.0,0.0,0.0,0.0,0.0,0.0,0.0,0.0,0.0,0.0,0.0,0.0,0.71403,0.0,0.03658,0.01757,7.39111,0.0,0.0,0.0,0.0,0.01031,1.75189,0.0,0.0,0.0,0.0,0.0,0.0158,0.87451,0.61811,0.0,0.0878,6.30616,0.0,0.0,0.163,0.0,0.0,0.0,0.0,0.0,0.0,0.0,0.11071,0.0,0.0,0.0,0.0,0.0,0.0,0.0,0.0,0.0,0.0,0.0,0.0,0.0,0.0,0.0,0.0,0.0,0.0,0.0,0.0,0.0,0.0,0.0,0.66003,0.0,0.0,0.0,0.0,0.0,0.0,0.0,0.0,0.0,0.0,0.63104,0.0,0.0,0.0,0.0,0.13272,0.0,0.0,0.0,0.0,0.07841,0.0,0.0,0.0,1.50477,0.0,0.13826,6.81729,0.0,0.46774,4.90065,0.0,0.28952,0.0,0.0,0.0,0.0,0.0,0.31326,0.0,0.0,0.0,0.01913,0.03051,0.02294,0.0,0.0,0.0,0.23489,1.46407,0.09004,0.0,0.0,0.0,0.0,0.0,0.0,0.02747,0.03188
0.0,0.0,0.05326,0.0,0.0,11.34893,0.10792,0.0,0.02554,1.59658,0.05875,0.0,0.0,1.03671,0.0,0.0,0.40825,0.0,0.0,0.0,0.0036,0.18013,0.02488,0.0,0.0,0.02321,0.0,0.0,0.0,0.20397,0.0,0.0,0.27527,0.0,0.22047,14.17694,0.0,0.0,12.4547,0.0,0.0,0.0,4.73718,0.0,0.0,0.0,0.0,0.59135,0.0,0.18733,0.0,0.0,0.0,0.0,0.0,0.0,0.0,0.0,0.0,0.0,0.0,0.0,0.0,7.70029,0.0,0.0,0.0,0.1671,0.65857,0.0,0.0,0.0,1.29745,0.0,0.0,0,2.18941,2.30503,0.0,0.0,0.0,0.0,0.0,0.0,0.0,0.0,0.0,0.0,0.0,0.0,0.0,0.0,0.0,0.0,0.0,0.0,0.04182,0.0,3.13122,0.0,0.0,0.0,0.0,0.0,0.10895,0.0,0.0,0.0,0.0,0.0,0.0,0.48534,0.23811,0.0,0.0,0.99987,0.0,0.0,0.0,0.0,0.0,0.0,0.0,0.0,0.0,0.0,0.0,0.0,0.0,0.0,0.0,0.0,0.0,0.0,0.0,0.0,0.0,0.0,0.0,0.0,0.0,0.0,0.0,0.0,8.18351,0.10479,0.12717,0.02648,0.0,0.0,0.0,0.0,0.0,0.0,0.0,0.0,0.0,0.0,0.0,0.0,0.0,0.0,0.0,0.0,0.0,0.0,0.31079,0.0,0.0,0.0,0.0,0.0,0.0,0.0,0.0,0.36032,0.05288,0.0,0.2299,0.0,0.52547,17.6408,0.0,0.4619,0.0,0.0,0.0,0.06174,0.0,0.0,0.0,0.0,0.0,0.0,0.0,0.0,0.0,0.0,0.0,0.0,0.0,0.0,0.0,0.0,0.0,0.0,0.0,0.0,0.0,0.0
0.0,0.0,0.0,0.71584,0.0,0.0,0.0,0.0,0.0,0.0,0.0,0.0,0.0,4.78003,0.00343,0.0,3.17074,0.0,0.0,0.0,0.0071,0.06261,0.0,0.0,0.0,0.0,0.0,0.0,0.0,0.00855,0.0,0.0,0.05409,0.0,0.0,3.45314,0.0,0.0,27.68771,0.0,4.89017,0.0,6.84544,0.0,0.0,0.0,0.0,10.5284,0.00157,0.32795,0.0,0.0,0.0,0.0,0.0,0.0,0.0,0.0,0.0,0.0,0.0,0.0,0.0,15.57469,0.0,0.0,0.0,0.0,0.0,0.0,0.0,0.0,0.0,0.0,0.0,1,1.32489,1.92561,0.83875,0.0,0.0,0.1169,0.00337,0.0,0.0,0.0,0.0,0.0,0.0,0.0,0.0,0.0,0.0,1.2348,0.0,0.0,0.0,0.0,0.98759,0.0,0.0,0.0,0.0,0.0,0.23426,0.0,0.0,0.0,0.0,0.0,0.00954,0.0,0.70804,0.0,0.0,0.0,0.03175,0.0,0.27315,0.0,0.0,0.0,0.0,0.0,0.0,0.0,0.0,0.0,0.0,0.0,0.0,0.0,0.00943,0.0,0.0,0.0,0.0,0.0,0.0,0.0,0.0,0.0,0.0,0.0,0.0,0.0,0.0,0.0,0.0,0.0,0.0,0.0,0.0,0.14741,0.0,0.0,0.0,0.0,0.01743,0.02813,0.0,0.0,0.0,0.0,0.0,0.0,0.04772,0.0,0.0,0.0,0.0,0.0,0.0,0.0,0.0,0.0,0.0,0.0,0.01456,0.0,0.52053,0.0,0.0,0.28987,0.0,0.0,0.0,0.01883,4.87108,0.0,0.0,0.0,0.0,0.01349,0.00364,0.00494,0.0,0.04372,0.04235,0.01247,0.3834,0.0,0.12109,0.0,0.0,0.0,0.0,0.0,0.0,0.0
0.0,0.0,0.74359,0.71413,0.0,1.13971,0.00358,0.0,0.0,0.03973,0.0,0.0,0.0,1.29343,0.0,0.0,1.50464,0.0,0.0,0.0,0.0,0.37008,0.0,0.0,0.0,0.0,0.0,0.0,0.0,0.0,0.0,0.0,0.13989,0.0,0.07746,1.40974,0.0,0.0,0.0,0.0,0.12568,0.0,7.2217,0.0,0.0,0.0,0.0,0.4419,0.0,0.07997,0.0,0.0,0.0,0.0,0.0,0.0,0.0,0.0,0.0,0.0,0.05692,0.0,0.0,3.96762,0.0,0.0,0.0,1.09002,5.85413,0.0,0.0,0.0,6.29536,0.0,0.0,0,3.59951,3.18692,0.0,0.0,0.0,0.0,0.0,0.0,0.0,0.0,0.0,0.0,0.0,0.0,0.0,0.0,0.0,0.0,0.05309,0.0,0.0,0.12586,2.04096,0.0,0.0,0.0,0.0,0.0,0.6067,0.0,0.0,0.0,0.0,0.0,0.02176,0.12161,0.30841,0.0,0.02615,0.0,0.0,0.0,0.33382,0.0,0.0,0.0,0.0,0.0,0.0,0.72427,0.01151,0.0,0.0,0.0,0.0,0.0,0.0,0.0,0.0,0.0,0.0,0.0,0.0,0.0,0.0,0.0,0.0,0.0,0.0,0.0,0.0,0.0,0.0,0.0,0.13343,0.0,0.0,0.0,0.0,0.0,0.0,0.0,0.0,0.0,0.0,0.0,0.0,0.0,0.0,0.0,0.02483,0.0,0.0,0.0,0.04093,0.0,0.0,0.0,0.01094,0.2539,0.09938,0.0,0.65125,0.0,0.14358,0.0,0.0,1.3034,0.0,0.0,0.0,0.0,0.0,0.32282,0.0,0.0,0.0,0.05922,0.01203,0.0,0.0,0.0,0.0,0.09673,0.30159,0.0,0.06231,0.0,0.12652,0.0,0.0,0.0,0.0,0.13332
0.0,0.0,1.89429,5.53912,0.0,0.0,0.2228,0.0,0.0,0.54775,0.0,0.0,0.0,2.96514,0.0,0.0,8.54715,0.0,0.0,0.0,0.0,0.45521,0.0,0.0,0.0,0.0,0.0,0.0,0.0,0.19284,0.0,0.09853,0.16154,0.0,0.3119,0.55937,0.0,0.0,0.0,0.0,0.76198,0.0,1.89985,14.15681,0.0,0.0,0.0,1.59277,0.0,1.08559,0.0,0.0,0.0,0.0,0.0,0.0,0.0,0.0,0.0,0.0,0.0,0.0,0.0,3.42561,0.0,0.0,0.0,0.51723,1.97805,0.0,0.0,0.0,0.0,0.0,0.0,0,5.16526,4.48666,0.22124,0.0,0.0,0.0,0.0,0.0,0.0,0.0,0.0,0.0,0.0,0.0,0.0,0.0,0.0,0.0,0.0,0.0,1.34251,0.88859,6.40223,0.0,0.0,0.0,0.0,0.0,3.43233,0.0,0.0,0.0,0.0,0.0,0.0,0.67258,0.09983,0.0,0.0,0.0,0.0,0.0,0.0,0.0,0.0,0.0,0.0,0.0,0.0,0.36266,0.0,0.0,0.0,0.0,0.0,0.0,0.0,0.0,0.0,0.0,0.0,0.0,0.0,0.0,0.0,0.0,0.0,0.0,0.0,0.0,0.0,0.0,0.0,0.0,0.0,0.0,0.0,0.0,0.0,0.0,0.0,0.0,0.0,0.0,0.0,0.0,0.0,0.0,0.0,0.0,0.01531,0.0,0.0,0.0,0.0,0.0,0.0,0.0,0.0,0.08283,0.0,0.0,0.55594,0.0,0.0,7.38705,0.0,0.1749,0.0,0.0,0.0,0.0,0.0,0.0,0.0,0.0,0.0,0.0,0.0,0.0,0.0,0.0,0.0,0.19847,0.4176,0.0,0.6953,0.0,0.0,0.0,0.0,0.0154,0.0,0.01012
0.0,0.0,1.97364,0.18346,0.0,0.27546,0.14734,0.0,0.0,0.26881,0.0,0.0,0.0,5.72518,0.0,0.0,5.39492,0.0,0.0,0.0,0.0,0.03281,0.0,0.0,0.0,0.0,0.0,0.0,0.0,0.02971,0.0,0.09628,0.21973,0.0,0.0,4.90234,0.0,0.0,13.44769,0.0,4.02808,0.0,12.538,0.1869,0.0,0.0,0.01472,0.99109,0.0,0.9271,0.0,0.0,0.0,0.0,0.0,0.0,0.0,0.0,0.0,0.0,0.0,0.0,0.0,6.3077,0.0,0.0,0.0,0.7183,2.47286,0.12106,0.0,0.0,0.0,0.0,0.0,0,5.69746,5.22263,0.04948,0.0,0.0,0.0,0.0,0.0,0.0,0.0,0.0,0.0,0.0,0.0,0.0,0.0,0.0,0.0,0.18688,0.0,0.3331,0.27852,9.55468,0.0,0.0,0.0,0.0,0.0,2.69496,0.0,0.0,0.0,0.0,0.0,0.0,0.32,0.02672,0.0,0.0,0.0,0.0,0.0,0.07965,0.0,0.0,0.0,0.0,0.0,0.0,0.09074,0.12115,0.0,0.0,0.0,0.0,0.03422,0.0,0.0,0.0,0.0,0.0,0.0,0.0,0.0,0.0,0.0,0.0,0.0,0.0,0.80197,0.0,0.0,0.0,0.0,0.06897,0.0,0.0,0.0,0.0,0.0,0.0,0.0,0.0,0.0,0.01711,0.0,0.0,0.0,0.0,0.0,0.11825,0.0,0.0,0.0,0.0,0.0,0.0,0.0,0.0,1.04687,0.0,0.0,0.38669,0.0,0.96265,3.51503,0.0,0.2173,0.0,0.0,0.0,0.0,0.0,0.0,0.0,0.0,0.0,0.0,0.0,0.0,0.0,0.0,0.0,0.00268,0.17799,0.0,0.85208,0.0,0.0,0.0,0.0,0.0,0.0,0.0
0.0,0.0,0.17014,0.12075,0.0,0.00073,0.0,0.0,0.0,0.0,0.0,0.0,0.0,3.03779,0.0,0.0,1.00085,0.0,0.0,0.0,0.0,0.0,0.0,0.0,0.0,0.0,0.0,0.0,0.0,0.0,0.0,0.0,0.0,0.0,0.0,10.78195,0.0,0.0,0.4809,0.0,0.70158,0.0,2.90624,0.0,0.0,0.0,0.0,0.63902,0.0,0.95128,0.0,0.0,7.3194,0.0,0.05667,0.0,0.0,0.0,0.0,0.0,0.0,0.0,0.0,17.62217,0.0,0.0,0.0,0.95887,4.447,0.0,0.0,0.0,0.0,0.0,0.0,0,3.62124,6.86688,0.0,0.0,0.0,0.0,0.0,0.0,0.0,0.0,0.0,0.0,0.0,0.0,0.0,0.0,0.0,0.0,0.0,0.0,0.02807,0.0,0.05681,0.0,0.0,0.0,0.0,0.0,1.48874,0.0,0.0,0.0,0.0,0.0,0.0112,0.3302,0.46223,0.0,0.0,4.89466,0.0,0.0,0.28784,0.0,0.0,0.0,0.0,0.0,0.0,0.00077,0.0,0.0,0.0,0.0,0.0,0.0,0.0,0.0,0.0,0.0,0.0,0.0,0.0,0.0,0.0,0.0,0.0,0.0,11.27285,0.0,0.0,0.0,0.0,0.0,0.0,0.0,0.0,0.0,0.0,0.0,0.0,0.0,0.0,0.0,0.0,0.0,0.0,0.0,0.0,0.0,0.0,0.0,0.0,0.0,0.0,0.0,0.0,0.0,0.00457,0.0,0.05936,0.0,0.042,0.0,0.0,11.06859,0.0,0.13879,0.0,0.0,0.00068,0.0,0.0,0.30822,0.0,0.0,0.0,0.0,0.0,0.00364,0.0,0.0,0.02065,0.02261,0.22781,0.03107,0.0,0.0,0.0,0.0,0.0,0.0,0.0,0.0
0.0,0.0,1.67885,0.14119,0.0,0.0,0.0,0.0,0.0,0.0,0.0,0.0,0.0,5.94707,0.0,0.0,8.29734,0.0,0.0,0.0,0.0,0.0,0.0,0.0,0.0,0.0,0.0,0.0,0.0,0.0322,0.0,0.0,0.03388,0.0,0.0,24.05571,0.0,0.40998,0.0,0.0,1.43023,0.03039,22.74632,0.1495,0.0,0.0,0.0,0.3917,0.00151,0.3494,0.0,0.0,0.0,0.0,0.0,0.0,0.0,0.0,0.0,0.0,0.00705,0.0,0.0,2.99738,0.09717,0.0,0.0,0.24357,2.13211,0.0,0.0,0.0,0.03529,0.0,0.0,0,1.9893,3.80838,0.22523,0.0,0.0,0.0,0.0,0.0,0.0,0.0,0.0,0.0,0.0,0.0,0.0,0.0,0.0,0.0,0.04544,0.0,0.55249,0.03366,2.08295,0.0,0.0,0.0,0.0,0.0,1.25039,0.0,0.0,0.0,0.0,0.0,0.02554,0.06958,0.36954,0.0,0.0,0.0,0.0,0.0,0.08271,0.0,0.0,0.0,0.0,0.0,0.0,0.0,0.0,0.0,0.0,0.0,0.0,0.0,0.01421,0.0,0.0,0.0,0.0,0.0,0.0,0.0,0.0,0.0,0.0,0.0,0.0,0.0,0.0,0.0,0.0,0.0,0.0,0.0,0.0,0.0,0.0,0.0,0.0,0.0,0.0,0.0,0.01423,0.0,0.0,0.0,0.0,0.0,0.01718,0.0,0.0,0.0,0.0,0.0,0.0,0.0,0.01372,0.13876,0.0,0.02811,0.28145,0.0,0.08059,0.0,0.0,0.58396,0.0,0.01013,0.00437,0.0,0.00155,0.00134,0.0,0.0,0.0,0.0,0.04886,0.0,0.01562,0.0387,0.02456,0.21335,0.84417,0.05216,1.489,0.01146,0.01437,0.0,0.0,0.0,0.0,0.0
0.0,0.0,0.0,0.0035,0.0,0.0,0.0,0.0,0.0,0.0,0.00177,0.0,0.0,5.3239,0.01589,0.0,5.14115,0.0,0.0,0.0,0.0,0.11202,0.0,0.0,0.0,0.0,0.0,0.0,0.0,0.00162,0.0,0.0,0.02564,0.0,0.0,0.60071,0.0,0.0,19.25418,0.0,0.0,0.0,0.14443,0.0,0.0,0.0,0.0,0.2278,0.07932,0.02144,0.0,0.0,0.0,0.25363,0.0,0.0,0.0,0.06227,0.04413,0.0,0.0,0.0,0.0,22.94232,0.00371,0.1383,0.0,0.0,0.0,0.0,0.0,0.0,0.0,0.0,0.0,1,1.21991,1.04564,3.00018,0.0,0.0,0.22821,0.00309,0.0,0.0,0.0,0.0,0.0,0.0,0.0,0.0,0.0,0.0,6.21519,0.0,0.0,0.0,0.0,0.00241,0.0,0.0,0.0,0.0,0.034,0.27762,0.0,0.0,0.0,0.0,0.0,0.01158,0.0,0.36315,0.0,0.0,0.0,0.039,0.0,0.14616,0.0,0.0,0.0,0.0,0.0,0.0,0.0,0.0,0.0,0.0,0.0,0.0,0.0,0.03853,0.0,0.0,0.0,0.0,0.0,0.0,0.0,0.0,0.0,0.0,0.0,0.0,0.0,0.07609,0.0,0.0,0.0,0.0,0.0,0.0,0.0,0.0,0.0,0.0,0.0,0.03842,0.0,0.0,0.00074,0.0,0.0,0.0,0.0,0.2794,0.0,0.0,0.0,0.0,0.0,0.0,0.0,0.0,0.0,0.0,0.0,0.0,0.0,0.0,0.0,0.0,2.32658,0.0,0.0,0.0063,0.05053,5.98753,0.0,0.0,0.0,0.0,0.0,0.0,0.0,0.0,0.0,0.0037,0.01237,0.05992,0.0,0.0,0.0,0.0,0.0,0.0,0.0,0.0,0.0
0.0,0.0,0.0,0.087,0.0,10.09013,0.0,0.27003,0.0,0.3806,0.0,0.0,0.0,0.21307,0.0,0.0,0.26828,0.0,0.0,0.0,0.0,0.63854,0.0,0.0,0.0,0.0,0.0,0.0,0.0,0.0,0.0,0.10602,0.62099,0.0,0.19435,0.10366,0.0,0.0,0.0,0.0,0.0,0.0,0.11222,0.0,0.0,0.0,0.0,0.80366,0.0,0.88978,0.0,0.0,0.0,0.0,0.12906,0.0,0.0,0.0,0.0,0.0,0.0,0.0,0.0,10.08519,0.27049,0.0,0.0,0.01122,0.86264,0.0,0.0,0.72323,0.0,0.0,0.0,0,2.317,2.4076,0.03404,0.0,0.16474,0.05386,0.0,0.0,0.0,0.00508,0.0,0.0,0.0,0.0,0.0,0.0,0.0,0.0,0.0,0.0,0.88976,0.31695,1.77748,0.0,0.0,0.0,0.0,0.0,0.41843,0.0,0.0,0.0,0.0,0.0,0.0,0.21682,0.29948,0.0,0.0,0.45137,0.0,0.0,0.0,0.0,0.0,0.0,0.0,0.0,0.0,0.0,0.0,0.0,0.0,0.0,0.0,0.0,0.0,0.0,0.0,0.0,0.0,0.0,0.0,0.0,0.0,0.0,0.0,0.0,21.27943,0.0,0.0,1.13849,0.0982,0.0,0.20858,0.0,0.0,0.0,0.0,0.0,0.0,0.0,0.0,0.0,0.16915,0.0,0.0,0.00878,0.0,0.0,0.0295,0.0,0.0,0.0,0.0,0.0,0.0,0.0,0.0,0.0,0.15668,0.02624,0.88385,0.0,0.0,4.3771,0.0,0.39937,0.0,0.0,0.0,0.0,0.0,0.0,0.0,0.0,0.0,0.0,0.0,0.0,0.0,0.0,0.0,0.0,0.00842,0.0,0.0,0.0,0.0,0.0,0.0,0.0,0.0,0.0
0.0,0.0,0.24871,0.00288,0.0,0.0,0.0,0.0,0.0,0.04321,0.0,0.0,0.0,1.9133,0.0,0.0,0.30245,0.0,0.0,0.0,0.0,0.0,0.0,0.0,0.0,0.0,0.0,0.0,0.0,0.0,0.0,0.0,0.0,0.0,0.0,12.11639,0.0,0.0,6.24953,0.0,0.30583,0.11508,3.68062,0.0,0.0,0.0,0.0,0.80467,0.0,0.10507,0.0,0.0,0.0,0.0,0.0,0.0,0.0,0.0,0.0,0.0,0.00888,0.0,0.0,11.99195,0.00401,0.0,0.0,0.25892,2.57997,0.50117,0.0,0.0,3.2033,0.0,0.0,0,1.74258,3.03864,0.0,0.0,0.0,0.0,0.0,0.0,0.0,0.0,0.0,0.0,0.0,0.0,0.0,0.0,0.0,0.0,0.0,0.0,0.0,0.0672,1.14997,0.0,0.0,0.0,0.0,0.0,0.35184,0.0,0.0,0.0,0.0,0.0,0.0,1.22633,0.0,0.0,0.0,0.15402,0.0,0.0,1.27589,0.0,0.0,0.0,0.0,0.0,0.0,0.0,0.0,0.0,0.0,0.0,0.0,0.0,0.0,0.0,0.0,0.0,0.0,9.17949,0.0,0.0,0.0,0.0,0.0,0.0,0.0,0.0,0.0,0.0,0.0,0.0,0.15874,0.0,0.0,0.0284,0.0,0.0,0.0,0.0,0.0,0.0,0.0,0.0,0.0,0.0,0.0,0.0,0.0,0.0,0.0,0.0,0.0,0.0,0.0,0.0,0.00278,0.0185,0.0,0.0,0.35854,0.0,0.09998,12.26966,0.00214,1.15332,0.0,0.0,0.0,0.0,0.0,0.31738,0.0,0.0,0.0,0.0,0.0,0.0,0.0,0.06283,0.0,0.0,0.15521,0.0,0.0,0.0,0.0,0.0,0.0,0.0,0.0,0.29238
0.0,0.0,1.11971,0.15975,0.0,0.0,0.35002,0.0,0.0,0.08557,0.0,0.0,0.0,2.2059,0.0,0.0,3.09203,0.0,0.0,0.0,0.0,0.25137,0.0,0.0,0.0,0.0,0.0,0.0,0.0,0.0,0.0,0.0,0.44743,0.05853,0.07126,17.07321,0.0,0.09055,1.25096,0.0,6.93024,0.0,3.61688,2.75978,0.0,0.0,0.0,1.60742,0.0,0.73845,0.0,0.0,0.0,0.0,0.0,0.0,0.0,0.0,0.0,0.0,0.0,0.0,0.0,2.07194,0.0,0.0,0.0,0.31052,1.21533,1.2911,0.0,0.0,0.85369,0.0,0.0,0,1.49067,1.7462,0.02013,0.0,0.0,0.0,0.0,0.0,0.0,0.0,0.0,0.0,0.0,0.0,0.0,0.0,0.0,0.0,0.0,0.0,0.27282,0.19137,4.00258,0.0,0.01622,0.0,0.0,0.0,2.33115,0.0,0.0,0.0,0.0,0.0,0.0,0.50149,0.1525,0.0,0.09363,0.0,0.0,0.0,0.01601,0.0,0.0,0.0,0.0,0.0,0.0,0.12377,0.29291,0.0,0.03728,0.0,0.0,0.0,0.0,0.0,0.0,0.0,0.0,0.0,0.0,0.0,0.0,0.0,0.0,0.0,0.0,0.0,0.0,0.0,0.0,0.0,0.16365,0.0,0.0,0.0,0.0,0.0,0.0,0.0,0.0,0.0,0.03992,0.0,0.0,0.02207,0.0,0.0,0.39981,0.0,0.0,0.0,0.0,0.0,0.0,0.0,0.0,3.75068,0.17854,0.32036,1.15752,0.0,0.07437,22.43899,0.0,0.05731,0.0,0.0,0.0,0.0,0.0,0.0,0.0,0.0,0.0,0.0,0.0,0.0,0.0,0.0,0.0,0.01241,0.25483,0.0,1.25957,0.0,0.08051,0.0,0.0,0.0,0.0,0.0121
0.0,0.0,0.4907,0.11132,0.0,0.0,0.23078,0.0994,0.0,3.7172,0.10218,0.0,0.0,1.06516,0.0,0.0,0.26969,0.0,0.0,0.0,0.0,5.10554,0.0,0.07898,0.0,0.0,0.0,0.25368,0.0,0.0,0.0,0.0,10.11735,0.53694,0.0,8.92604,0.0,0.0,5.8263,0.0,1.00422,0.0,8.24065,0.0,0.0,0.0,0.0,0.10809,0.0,0.04323,0.0,0.0,0.0,0.0,0.0,0.0,0.0,0.0,0.0,0.0,0.0,0.0,0.0,2.48868,0.0,0.0,0.0,0.1199,0.76077,9.83028,0.0,0.0,1.69972,0.0,0.0,0,0.88525,1.54237,0.0,0.0,0.0,0.0,0.0,0.0,0.0,0.0,0.0,0.0,0.0,0.0,0.0,0.0,0.0,0.0,0.11289,0.0,0.0,0.0,5.47644,0.0,0.0,0.0,0.0,0.10429,0.96239,0.0,0.0,0.0,0.0,0.0,0.0,0.56555,0.0,0.0,0.0,0.0,0.0,0.0,0.11464,0.0,0.0,0.0,0.0,0.0,0.0,0.53289,0.7245,0.0,0.0,0.0,0.0,0.0,0.0,0.0,0.0,0.0,0.02092,0.0,0.0,0.0,0.0,0.0,0.0,0.0,0.0,0.13982,0.02649,0.0,0.0,0.0,0.0,0.0,0.0,0.0,0.0,0.0,0.0,0.0,0.0,0.0,0.0,0.0,0.0,4.14504,0.0,0.0,8.88043,0.0,0.0,0.0,0.0,0.0,0.0,0.0,0.0,2.70395,0.01046,0.0,0.40884,0.0,0.3651,0.0,0.0,0.44554,0.0,0.0,0.0,0.0,0.0,0.0,0.0,0.0,0.0,0.0,0.0,0.0,0.0,0.0,0.0,0.01557,0.71224,0.0,0.03946,0.0,0.02933,0.0,0.0,0.14061,0.02118,0.76325
0.0,0.0,0.0,0.0,0.0,0.0,0.33997,0.0,0.0,0.0,0.0,0.0,0.0,0.0,0.0,0.0,0.0,0.0,0.0,0.0,0.0,0.0,0.0,0.0,0.0,0.0,0.0,0.0,0.0,0.23059,0.0,0.0,0.30346,0.0,0.0,0.0,0.0,0.0,0.0,0.0,0.0,0.0,0.0,0.0,0.0,0.0,0.0,0.0,0.0,0.07063,0.0,0.0,0.0,0.0,0.0,0.0,0.0,0.0,0.0,0.0,0.0,0.0,0.0,0.0,0.0,0.0,0.0,0.0,0.0,0.0,0.0,0.0,0.0,1.25565,0.0,1,0.03218,0.33529,1.18509,0.0,0.0,0.0,0.0,0.0,0.0,0.0,0.0,0.0,0.0,0.0,0.0,0.0,0.0,0.15271,0.0,0.0,0.0,0.0,0.65809,0.0,0.0,0.0,2.54516,0.0076,0.0,3.91327,0.0,0.0,0.0,0.0,0.0,0.0,0.0,0.0,0.0,0.0,0.0,0.0,0.0,0.0,0.0,0.0,0.0,0.0,0.0,0.0,0.0,0.0,0.0,0.0,0.0,0.0,0.0,0.0,0.0,0.0,0.0,0.0,0.0,0.0,0.0,0.0,0.0,0.0,0.0,0.0,0.0,0.0,0.0,0.0,0.0,0.0,0.0,0.0,0.0,2.7248,0.0,0.0,0.0,0.0,0.0,0.0,0.0,4.17128,0.0,0.0,3.3351,0.0,0.0,36.77054,0.0,0.0,0.0,0.0,0.0,0.0,0.0,0.0,0.0,0.0,0.0,0.0,0.0,1.52805,0.0,0.0,0.0,0.0,0.0,0.0,0.0,0.0,0.0,0.0,0.0,0.0,0.0,0.0,0.0,0.0,0.0,0.0,0.0,0.0,0.0,0.0,0.0,0.0,0.0,0.0
0.0,0.0,0.00586,0.0,0.0,0.0,0.0,0.0,0.0,0.0,0.0,0.0,0.0,0.36926,0.0,0.0,3.69069,0.0,0.0,0.0,0.0,0.0,0.0,0.0,0.0,0.0,0.0,0.0,0.0,0.0,0.0,0.0,0.0,0.0,0.0,0.0,0.0,0.0,0.0,0.0,0.0,0.0,0.0,0.0,0.0,0.0,0.0,0.36284,0.01883,0.0,0.0,0.0,0.0,0.0,0.0,0.0,0.0,0.0,0.0,0.0,0.0,0.0,0.0,0.0,0.0,0.0,0.0,0.19193,2.29,0.0,0.0,0.0,0.0,0.0,0.0,1,3.79233,9.80825,52.42149,0.0,0.0,0.0,0.0,0.0,0.0,0.0,0.0,0.0,0.0,0.0,0.0,0.0,0.0,1.23055,0.0,0.0,0.0,0.0,0.0,0.0,0.0,0.0,0.0,0.0,0.80742,0.0,0.0,0.00593,0.0,0.0,0.0,0.0,4.16651,0.0,0.0,0.0,0.0,0.00996,4.1304,0.0,0.0,0.0,0.0,0.0,0.0,0.0,0.0,0.0,0.0,0.0,0.0,0.0,0.0,0.0,0.0,0.0,0.0,0.0,0.0,0.0,0.0,0.0,0.0,0.0,0.0,0.0,0.0,0.0,0.0,0.0,0.0,0.0,0.0,0.0,0.0,0.0,0.0,0.0,0.0,0.15771,0.0,0.0,0.0,0.0,0.0,0.0,0.0,0.0,0.0,0.0,0.0,0.0,0.0,0.0,0.0,0.0,0.0,0.0,0.0,0.0,0.0,0.0,0.0,3.09453,0.0,0.0,0.11331,0.0,0.0,0.0,0.0,0.0,0.0,0.0,0.10836,0.0,0.0,0.0,0.09771,0.05663,0.07501,0.0,0.0,0.0,0.0,0.0,0.05392,0.0,0.0,0.0
0.0,0.0,0.0,0.0,0.0,0.0,0.0,0.0,0.0,0.0,0.0,0.0,0.0,1.69082,0.0,0.0,0.0,0.0,0.13994,0.0,0.0,0.0,0.0,0.0,0.0,0.0,0.0,0.0,0.0,0.0,0.0,0.0,0.0,0.0,0.0,1.88477,0.0,0.0,21.90418,0.0,0.0,0.0,0.00956,0.0,0.0,0.0,0.0,0.0,0.12689,3.57223,0.0,0.0,0.0,0.24505,0.0,0.0,0.0,0.0,0.0,0.0,0.0,0.0,0.0,6.14605,0.0,0.0,0.0,0.0,0.0,0.0,0.0,0.0,0.0,0.0,0.0,1,0.0,0.0,1.61958,0.0,0.0,0.97063,0.0,0.0,0.0,0.0,0.0,0.0,0.0,0.0,0.0,0.0,0.0,0.38822,0.0,0.0,0.0,0.0,0.0,0.0,0.0,0.0,0.0,0.0,0.03654,0.0,0.0,0.0,0.0,0.0,0.0,0.0,0.7059,0.0,0.0,0.0,0.00323,0.0,0.0,0.0,0.0,0.0,0.0,0.0,0.0,0.0,0.0,0.0,0.0,0.0,0.0,0.0,0.01944,0.0,0.0,0.0,0.0,0.0,0.0,0.0,0.0,0.0,0.0,0.0,0.0,0.0,0.0,0.0,0.0,0.0,0.0,0.0,0.0,0.0,0.0,0.0,0.0,0.0,0.0,0.0,0.0,0.0,0.0,0.0,0.0,0.0,0.02774,0.0,0.0,0.0,0.0,0.0,0.0,0.0,0.0,0.0,0.0,0.0,0.0,0.0,0.0,0.0,0.0,3.35055,0.0,0.0,0.0,0.02095,14.92519,0.0,0.0,0.0,0.0,0.0,0.0,0.0,0.0,0.0,0.0,0.0,0.05533,0.0,0.0,0.0,0.0,0.0,0.0,0.0,0.0,0.0
0.0,0.0,0.0,0.06305,0.0,0.0,0.29947,0.0,0.0,0.0,0.0,0.0,0.0,0.30053,0.0,0.0,0.77136,0.0,0.0,0.0,0.0,0.0,0.0,0.0,0.0,0.0,0.0,0.0,0.0,0.01313,0.0,0.0,0.17878,0.00408,0.0,0.0,0.0,0.0,0.0,0.0,0.0,0.0,0.0,0.0,0.0,0.0,0.0,0.29686,0.28039,0.15333,0.0,0.0,0.0,0.0,0.0,0.0,0.0,0.0,0.0,0.0,0.0,0.0,0.0,0.0,0.0,0.0,0.0,0.29115,0.52371,0.0,0.0,0.0,0.0,0.0,0.0,1,1.57548,1.30322,10.64331,0.0,0.0,0.0,0.0,0.0,0.0,0.1352,0.02628,0.0,0.0,0.0,0.0,0.0,0.0,1.2093,0.03718,0.0,1.64859,0.0,0.0821,0.0,0.0,0.0,0.00402,0.10724,1.51125,0.0,0.0,0.0,0.0,0.0,0.0,0.0,0.8687,0.0,0.0,0.0,0.0,0.02417,0.22364,0.0,0.0,0.03788,0.71968,0.0,1.77619,0.0,0.0,0.0,0.0,0.0,0.0,0.0,0.0,0.0,0.0,0.0,0.03382,0.0,0.0,0.0,0.0,0.0,0.0,0.0,0.0,0.0,0.0,0.0,0.0,0.0,0.0,0.0,0.00104,0.0,0.0,0.0,0.0,0.0,0.0,0.0,0.0,0.0,0.0,0.83296,0.0,0.01304,0.14232,0.0,0.0,0.0,0.0,0.0,0.0,0.0,0.0,0.0,0.0,0.0,0.0,0.0,0.0,0.0,0.0,7.73459,0.0,0.02786,0.0,0.0,0.0,0.0,0.0,0.0,0.0,0.0,0.02052,0.0,0.0,0.03185,0.03846,0.01857,0.04139,0.0,0.0,0.0,0.0,0.00309,0.04542,0.0,0.0,0.0
0.0,0.0,0.0,0.03867,0.0,0.0,0.04247,0.0,0.0,0.0,0.0,0.0,0.0,1.27885,0.0,0.0,3.93403,0.0,0.0124,0.0,0.0,0.0,0.0,0.0,0.0,0.0,0.0,0.0,0.0,0.0,0.0,0.0,0.04913,0.0,0.0,0.0,0.0,0.0,0.0,0.0,0.0,0.0,0.0,0.0,0.0,0.0,0.0,0.69983,0.0793,0.00971,0.0,0.0,0.0,0.0,0.0,0.0,0.0,0.0,0.0,0.0,0.0,0.0,0.0,0.0,0.0,0.0,0.0,0.07611,0.88624,0.0,0.0,0.0,0.0,0.0,0.0,1,1.46278,3.35971,4.77699,0.0,0.0,0.0,0.0,0.0,0.0,0.0,0.0,0.0,0.0,0.0,0.0,0.0,0.0,1.24743,0.06529,0.0,0.28878,0.0,0.03593,0.0,0.0,0.0,0.0,0.11752,1.09068,0.0,0.0,0.0,0.0,0.0,0.0,0.0,0.36932,0.0,0.0,0.0,0.0,0.0,0.2429,0.0,0.0,0.00873,0.74065,0.08626,1.16764,0.0,0.0,0.0,0.0,0.0,0.0,0.26359,0.0,0.0,0.0,0.0,0.0,0.0,0.0,0.0,0.0,0.0,0.0,0.0,0.0,0.0,0.0,0.0,0.0,0.0,0.0,0.0,0.0,0.0,0.0,0.0,0.0,0.0,0.0,0.0,0.0,0.0,0.0,0.13707,0.0,0.0,0.01148,0.0,0.0,0.0,0.0,0.0,0.0,0.0,0.0,0.0,0.0,0.0,0.0,0.0,0.0,0.0,0.0,9.09874,0.0,0.0,0.0,0.0,0.0,0.0,0.0,0.0,0.0,0.0,0.00376,0.0,0.0,0.03959,0.0,0.01351,0.10359,0.0,0.0,0.0,0.0,0.0,0.02268,0.0,0.0,0.0
0.0,0.0,0.0,1.99666,0.0,0.0,0.0,0.0,0.0,0.0,0.0,0.0,0.0,1.03362,0.0,0.0,10.60725,0.0,0.0,0.0,0.0,0.0,0.0,0.0,0.0,0.0,0.0,0.0,0.0,0.0,0.0,0.0,0.02562,0.0,0.0,0.0,0.0,0.0,0.0,0.0,0.0,0.0,0.0,0.0,0.0,0.0,0.0,8.82278,0.00806,0.19334,0.0,0.0,0.0,0.0,0.0,0.0,0.0,0.0,0.0,0.0,0.0,0.0,0.0,0.0,0.0,0.0,0.0,0.57608,2.82153,0.0,0.0,0.0,0.0,0.0,0.0,1,11.20462,18.70938,8.49663,0.0,0.0,0.0,0.0,0.0,0.0,0.0,0.0,0.0,0.0,0.0,0.0,0.0,0.0,2.60106,0.0,0.0,10.24081,0.0,0.04623,0.0,0.0,0.0,0.0,0.0,3.44688,0.0,0.0,0.0,0.0,0.0,0.0,0.0,0.72429,0.0,0.0,0.0,0.0,0.0,0.20885,0.0,0.0,0.0,0.0,0.0,0.0,0.0,0.0,0.0,0.0,0.0,0.0,0.0,0.0,0.0,0.0,0.0,0.0,0.0,0.0,0.0,0.0,0.0,0.0,0.0,0.0,0.0,0.0,0.0,0.0,0.0,0.0,0.0,0.0,0.0,0.0,0.0,0.0,0.0,0.0,0.0,0.0,0.0,0.0,0.03093,0.0,0.0,0.15583,0.0,0.0,0.0,0.0,0.0,0.0,0.0,0.0,0.0,0.0,0.0,0.0,0.0,0.0,0.0,0.0,1.85788,0.0,0.0,0.0,0.0,0.0,0.0,0.0,0.0,0.0,0.0,0.0,0.0,0.0,0.15529,0.0,0.0,0.0,0.0,0.09747,0.0,0.03322,0.0,0.02011,0.0,0.0,0.0
0.0,0.0,1.01971,0.00486,0.0,0.0,0.07987,0.0,0.0,0.123,0.0,0.0,0.0,3.53409,0.0,0.0,6.25476,0.0,0.0,0.0,0.0,0.05761,0.00643,0.0,0.05045,0.0,0.0,0.0,0.0,0.0,0.0,0.0,0.16351,0.0,0.00362,7.90753,0.0,0.08779,9.42496,0.0,0.0,0.00641,20.7455,11.34919,0.0,0.0,0.0343,0.46395,0.0,0.5296,0.0,0.0,0.0,0.00697,0.00681,0.0,0.0,0.0,0.0,0.0,0.0,0.0,0.0,2.8281,0.00164,0.0,0.0,0.57342,1.19783,0.48908,0.0,0.0,0.0,0.0,0.0,0,0.77023,5.86907,0.04112,0.0,0.0,0.0,0.0058,0.0,0.0,0.0,0.0,0.0,0.0,0.0,0.0,0.0,0.0,0.0,0.0,0.0,0.05581,0.0189,1.88413,0.0,0.0,0.0,0.0,0.0,0.83912,0.0,0.0,0.0,0.0,0.0,0.0,0.71798,0.54355,0.0,0.0,0.0,0.0,0.0,0.11061,0.0,0.0,0.0,0.0,0.0,0.0,0.19997,0.0,0.0,0.1524,0.0,0.0,0.0,0.0,0.0,0.0,0.0,0.0,0.0,0.0,0.0,0.0,0.0,0.0,0.0,0.0,0.2175,0.0,0.0,0.0,0.0,0.06166,0.0,0.0,0.0,0.0,0.0,0.0,0.0,0.0,0.0,0.0,0.0,0.0,0.0,0.0,0.0723,0.0109,0.0,0.0,0.0,0.0,0.0,0.0,0.0,0.00618,0.24697,0.04598,0.0,0.0,0.0,0.0,13.32872,0.0,0.33581,0.0,0.0,0.0,0.0,0.0,0.0,0.0,0.0,0.0,0.0,0.0,0.0,0.0,0.0,0.0,0.25491,0.72244,0.0,0.82395,0.0,0.0,0.0,0.0,0.0,0.0,0.0
0.0,0.0,0.11291,0.09499,0.0,2.72428,0.1048,0.0,0.0,0.88138,0.23733,0.0,0.0,1.398,0.0,0.0,4.19562,0.0,0.0,0.0,0.0,0.06968,0.01689,0.0,0.0,0.0,0.12092,0.02616,0.0,0.0,0.02743,0.0,0.92664,0.0721,1.14448,0.0,0.0,0.6349,0.0,0.0,0.0,0.0,3.87008,0.0,0.0,0.0,0.0,0.575,0.0,0.68341,0.0,0.0,0.0,0.0,0.0,0.0,0.0,0.0,0.0,0.0,0.0,0.0,0.0,2.90576,0.00334,0.0,0.0,0.26545,1.07957,1.2741,0.0,0.25527,0.0,0.0,0.0,0,0.56106,1.02279,0.0,0.0,0.0,0.0,0.0,0.0,0.0,0.0,0.0,0.0,0.0,0.0,0.0,0.0,0.0,0.0,0.0,0.0,1.37135,0.06818,1.9439,0.0,0.0,2.6518,0.0,0.0,0.82458,0.0,0.0,0.0,0.0,0.0,0.0,0.4185,0.04587,0.0,0.0,0.0,0.0,0.0,0.0,0.0,0.0,0.0,0.0,0.0,0.0,0.93112,0.0,0.0,0.03084,0.0,0.0,0.0,0.0,0.0,0.0,0.0,0.06342,0.0,0.0,0.0,0.0,0.0,0.0,0.0,12.34203,2.78602,0.00113,0.41436,0.0,0.0,0.05101,0.0,0.01861,0.0,0.0,0.0,0.0,0.0,0.0,0.0,0.96785,0.0,0.0,0.585,0.12767,0.0,0.14234,0.0,0.0,0.0,0.0,0.0,0.0,0.0,0.0,0.98675,0.06559,0.7015,0.0,0.0,6.43839,4.04148,0.0,0.00921,0.0,0.0,0.0,0.0,0.0,0.0,0.0,0.0,0.0,0.0,0.0,0.0,0.0,0.0,0.0,0.0,0.02915,0.0,0.00776,0.0,0.0,0.0,0.0,0.0,0.0,0.0
0.0,0.0,0.90192,0.72999,0.0,0.56156,0.0,0.0,0.0,3.31631,0.0,0.0,0.0,3.21302,0.0,0.0,5.32716,0.0,0.0,0.0,0.0,0.0,0.0,0.0,0.0,2.88402,0.0,0.0,0.0,0.57585,0.0,0.0,6.13957,0.30143,0.27286,0.0,0.0,0.05441,0.0,0.01433,0.0,0.0,8.36005,0.0,0.05708,0.0,0.23162,0.23976,0.00849,0.9379,0.0,0.0,0.0,0.0,0.0,0.0,0.0,0.0,0.0,0.0,0.0,0.0,0.0,0.0,0.0,0.0,0.0,0.26016,3.27711,0.0,0.0,0.13391,0.06629,0.0,0.0,0,0.55812,4.74214,0.2901,0.0,0.0,0.0,0.0,0.0,0.0,0.0,0.0,0.0,0.0,0.0,0.0,0.0,0.0,0.0,0.0,0.0,1.22368,0.0,5.09262,0.0,0.0,0.0,0.0,0.45675,5.40716,0.0,0.0,0.0,0.0,0.0,0.0,0.0,0.13404,0.0,0.0,0.0,0.0,0.0,0.0,0.0,0.0,0.0,0.0,0.0,0.0,0.59753,2.27614,0.0,0.43417,0.0,0.0,0.0,0.0,0.0,0.0,0.0,0.1216,0.0,0.0,0.0,0.0,0.0,0.0,0.0,0.0,0.0,0.18331,1.69721,0.0,0.0,0.16891,0.21364,0.0,0.0,0.0,0.0,0.0,0.0,0.0,0.0,0.0,0.0,0.0,0.0,0.0,0.0,9.03668,0.0,0.0,0.0,0.0,0.0,0.0,0.0,0.0,2.17224,0.76318,0.67182,0.51945,0.0,0.0,0.0,0.0,0.50921,0.0,0.0,0.0,0.0,0.0,0.0,0.0,0.0,0.0,0.0,0.0,0.0,0.0,0.0,0.0,0.0,0.0064,0.0,0.60413,0.0,0.0,0.0,0.0,0.0,0.0,0.0
0.0,0.0,0.0,0.41281,0.0,1.58423,0.09086,0.0,0.0,0.61403,0.03874,0.0,0.0,3.12266,0.0,0.0,2.31098,0.0,0.0,0.0,0.0,1.96065,0.0,0.0,0.0,0.0,0.0,0.0,0.18889,0.07428,0.42684,0.24912,1.01217,0.11156,0.5117,3.18144,0.0,1.93787,0.0,0.0,0.0,0.0,1.76827,0.0,0.0,0.0,0.0,0.99154,0.0,0.45236,0.0,0.0,0.71974,0.0,0.0,0.0,0.0,0.0,0.0,0.0,0.0,0.0,0.0,3.58222,0.0,0.0,0.0,0.92685,3.51181,0.0,0.0,0.28513,0.0,0.0,0.0,0,3.06959,11.24296,0.0,0.0,0.0,0.0,0.0,0.0,0.0,0.0,0.0,0.0,0.0,0.0,0.0,0.0,0.0,0.0,0.0,0.0,0.67156,0.0,14.31079,0.0,0.0,0.0,0.0,0.0,1.44697,0.0,0.0,0.0,0.0,0.0,0.0,1.19066,0.0,0.0,0.0,0.0,0.0,0.0,0.35029,0.0,0.0,0.0,0.0,0.0,0.0,0.0,0.0,0.0,0.0,0.0,0.0,0.0,0.0,0.0,0.0,0.0,0.03924,0.0,0.0,0.0,0.0,0.0,0.0,0.0,0.0,0.0,0.0,0.06738,0.0,0.0,0.12686,0.39587,0.0,0.0,0.0,0.0,0.0,0.0,0.0,0.0,0.0,7.41463,0.0,0.0,0.0,0.0,0.19743,0.0,0.0,0.0,0.0,0.0,0.0,0.0,0.0,0.0,0.43339,2.49299,1.58108,0.0,2.60827,0.0,0.0,0.03944,0.0,0.0,0.0,0.0,0.0,1.06537,0.0,0.0,0.0,0.0,0.0,0.0,0.0,0.0,0.0,0.0,0.11197,0.0,0.10812,0.0,0.0,0.0,0.0,0.0,0.0,0.0
0.0,0.0,0.0,0.4433,0.0,0.0,1.74701,0.0,0.0,0.0,0.0,0.0,0.14934,4.10877,0.0,0.0,8.3569,0.0,0.01583,0.0,0.0,0.0,0.0,0.0,0.0,0.0,0.0,8.14576,0.0,0.0,0.0,0.0,0.0,0.0,0.0,10.92386,0.0,0.0,0.0,0.0,0.0,0.0,0.0,0.0,0.0,0.85329,0.0,0.0,0.04381,5.30313,0.0,0.0,0.0,0.0,0.0,0.0,0.0,0.0,0.0,0.0,0.0,0.0,0.0,0.0,0.0,0.4283,0.0,0.0,0.0,0.0,0.0,0.0,0.77487,0.0,0.0,0,4.13476,0.0,0.91581,0.0,0.0012,0.0,0.0,0.0,0.0,0.0,0.37624,0.31876,0.39122,0.0,0.0,0.0,0.0,0.0,0.76155,0.0,0.0,0.0,2.59042,0.0,0.0,0.0,0.0,2.97352,4.20894,0.0,0.0,0.0,0.0,0.0,0.0,0.0,0.06659,0.0,0.0,0.0,0.14987,0.03861,0.0,0.0,0.0,0.0,0.0,0.0,0.0,0.0,0.0,0.0,0.0,0.0,0.0,0.0,0.06126,0.0,0.0,0.0,0.02577,0.0,0.0,0.0,0.0,0.0,0.0,0.0,0.0,0.21179,0.0,0.0,0.0,0.0,0.0,0.0,0.0,0.0,0.0,0.0,0.0,0.0,0.0,0.0,0.0,0.0,0.0,0.0,0.0,0.0,4.19853,0.0,0.0,0.0,0.0,0.0,0.0,0.0,0.0,0.48029,0.00927,1.02266,1.13737,0.0,1.96661,0.0,0.0,0.71811,0.0,0.0,0.0,0.0,0.00305,0.0,0.0,0.0,0.0,0.0,0.0,0.0,0.0,0.0,0.0,0.0,0.0,0.0,0.0,0.0,0.0,0.0,0.0,0.0,0.0,0.0
0.0,0.0,0.29205,0.54669,0.0,0.0,0.0,0.0,0.0,0.0,0.0,0.0,0.0,2.05385,0.0,0.0,2.27403,0.0,0.0,0.0,0.0,0.0,0.0,0.0,0.0,0.36306,0.0,0.0,0.0,1.17909,0.0,0.0,0.34903,0.0,0.00974,5.99028,0.0,0.39523,3.44282,0.0,2.64493,0.0,7.5354,0.0,0.0,0.0,0.0,0.16076,0.0,0.29695,0.0,0.0,0.79373,0.0,0.0,0.0,0.0,0.0,0.0,0.0,0.0,0.0,0.0,3.0855,0.0,0.0,0.0,0.5039,0.0,0.0,0.0,0.0,0.18684,0.0,0.0,0,2.0994,4.22487,0.09371,0.0,0.0,0.0,0.0,0.0,0.0,0.00257,0.0,0.0,0.0,0.0,0.0,0.0,0.0,0.0,0.0,0.0,0.10433,0.64542,3.36829,0.0,0.0,0.0,0.0,0.0,2.23993,0.0,0.0,0.0,0.0,0.0,0.0,0.08288,0.05915,0.0,0.0,0.0,0.0,0.0,0.0,0.0,0.0,0.0,0.0,0.0,0.0,0.0,0.84813,0.0,0.0,0.0,0.0,0.0,0.0,0.0,0.0,0.0,0.0,0.0,0.0,0.0,0.0,0.0,0.0,0.0,0.0,0.0,0.0,0.0,0.0,0.0,0.0,0.0,0.0,0.0,0.0,0.0,0.0,0.0,0.0,0.0,0.0,0.0,0.0,0.0,0.0,0.0,1.69455,0.0,0.0,0.0,0.0,0.0,0.0,0.0,0.0,10.12751,0.0842,0.0,1.77338,0.0,0.57369,0.0,0.0,0.09057,0.0,0.0,0.0,0.0,0.0,0.0,0.0,0.0,0.0,0.0,0.0,0.0,0.0,0.0,0.0,0.0,0.15463,0.0,0.0,0.0,0.03506,0.0,0.0,0.0,0.0,0.04431
0.0,0.0,0.35745,0.0,0.0,0.0,0.00233,0.0,0.0,0.02368,0.0,0.0,0.0,1.53974,0.0,0.0,3.03216,0.0,0.0,0.0,0.0,0.0,0.0,0.0,0.0,0.0,0.0,0.0,0.0,0.0,0.00309,0.0,0.1936,0.0,0.00291,43.72427,0.0,0.0,0.0,0.0,0.42418,0.01218,0.69948,0.0,0.0,0.0,0.0,1.10853,0.0,0.18174,0.0,0.0,0.0,0.0,0.0,0.0,0.0,0.0,0.0,0.0,0.17566,0.0,0.0,4.71802,0.00456,0.0,0.0,0.35909,0.67257,4.46384,0.0,0.0,0.1245,0.0,0.0,0,0.89822,2.19253,0.0,0.0,0.0,0.0,0.00173,0.0,0.0,0.0,0.0,0.0,0.0,0.0,0.0,0.0,0.0,0.0,0.0,0.0,0.0389,0.18069,0.4661,0.0,0.0,0.0,0.0,0.0,1.14505,0.0,0.0,0.0,0.0,0.0,0.00754,0.39269,0.03892,0.0,0.0,0.0,0.0,0.0,0.00912,0.0,0.0,0.0,0.0,0.0,0.0,0.08066,0.0,0.0,0.0,0.07555,0.03758,0.0,0.0,0.0,0.0,0.0,0.0,0.0,0.0,0.0,0.0,0.0,0.01255,0.0,1.9563,1.15514,0.0,0.0,0.0,0.0,0.01262,0.0,0.0,0.0,0.0,0.0,0.0,0.0,0.0,0.0,0.00157,0.0,0.0,0.07252,0.0,0.0,0.13986,0.0,0.0,0.0,0.0,0.0,0.0,0.0,0.0,0.6378,0.70716,0.0,0.0,0.0,0.07755,23.02077,0.0129,0.02668,0.0,0.0,0.0,0.0,0.0,0.9942,0.0,0.0,0.0,0.0,0.0,0.0,0.0,0.01506,0.0,0.0717,0.05384,0.0,0.0,0.01641,0.31462,0.0,0.0,0.0,0.0,0.0
0.0,0.0,0.0,0.0,0.0,0.0,0.0,0.0,0.0,0.0,0.0,0.0,0.0,2.33185,0.0,0.0,0.0,0.0,0.0,0.0,0.0,0.0,0.0,0.0,0.0,0.0,0.0,0.0,0.0,0.0,0.0,0.0,0.0,0.0,0.0,1.10115,0.0,0.05431,27.26232,0.0,0.0,0.0,0.01933,0.0,0.0,0.0,0.0,0.0,0.30751,3.86006,0.0,0.0,0.0,0.08094,0.0,0.0,0.0,0.0,0.0,0.0,0.0,0.0,0.0,5.84159,0.0,0.0,0.0,0.0,0.0,0.0,0.0,0.0,0.0,0.0,0.0,1,0.80458,0.0,1.24758,0.0,0.0,0.41736,0.0,0.0,0.0,0.0,0.0,0.0,0.0,0.0,0.0,0.0,0.0,0.95477,0.0,0.0,0.0,0.0,0.0,0.0,0.0,0.0,0.0,0.0,1.29786,0.0,0.0,0.0,0.0,0.0,0.0,0.0,0.23945,0.0,0.0,0.0,0.00728,0.0,0.0,0.0,0.0,0.0,0.0,0.0,0.0,0.0,0.0,0.0,0.0,0.0,0.0,0.0,0.02124,0.0,0.0,0.0,0.0,0.0,0.0,0.0,0.0,0.0,0.0,0.0,0.0,0.0,0.0,0.0,0.0,0.0,0.0,0.0,0.0,0.0,0.0,0.0,0.0,0.0,0.0,0.0,0.0,0.0,0.0,0.0,0.0,0.0,0.02572,0.0,0.0,0.0,0.0,0.0,0.0,0.0,0.0,0.0,0.0,0.0,0.0,0.0,0.0,0.0,0.0,0.93487,0.0,0.0,0.0,0.0,3.1291,0.0,0.0,0.0,0.0,0.0,0.0,0.0,0.0,0.0,0.0,0.0,0.05579,0.0,0.68364,0.0,0.0,0.0,0.0,0.0,0.0,0.0
0.0,0.0,0.26261,0.07542,0.0,0.0,0.0,0.0,0.0,0.0031,0.0,0.0,0.0,4.78884,0.0,0.0,2.15621,0.0,0.0,0.0,0.0,0.0,0.0,0.0,0.0,0.0,0.0,0.0,0.0,0.0,0.0,0.0,0.01053,0.0,0.0,6.4728,0.0,3.55796,0.0,0.0,0.55676,0.0,2.68292,0.0,0.0,0.0,0.0,1.29693,0.0,4.46277,0.0,0.99325,3.50038,0.0,0.0,0.0,0.0,0.0,0.0,0.04837,1.19087,0.0,0.0,6.6072,0.0,0.0,0.0,1.55168,9.05207,0.0,0.0,0.0,0.02066,0.0,0.0,0,1.52249,5.50003,0.0,0.0,0.0,0.0,0.0,0.0,0.0,0.0,0.0,0.0,0.0,0.0,0.0,0.0,0.0,0.0,0.0,0.0,0.62247,0.0,0.2304,0.0,0.0,0.0,0.0,0.0,10.62153,0.0,0.0,0.0,0.0,0.0,0.0,0.04814,0.07971,0.0,0.0,2.35725,0.0,0.0,1.21698,0.0,0.0,0.0,0.0,0.0,0.0,2.80552,0.0,0.0,0.0,0.0,0.0,0.0,0.0,0.0,0.0,0.0,0.0,0.0,0.0,0.0,0.0,0.0,0.0,0.0,9.66139,0.0,0.0,0.0,0.0,0.0,0.0,0.0,0.0,0.0,0.0,0.0,0.0,0.0,0.0,0.0,0.0,0.0,0.0,0.00154,0.0,0.0,0.0,0.0,0.0,0.0,0.0,0.0,0.0,0.0,0.08072,0.01695,0.0,0.0,0.0,0.0,0.0,0.0828,0.0,0.00758,0.0,0.0,0.0,0.0,0.0,1.50719,0.0,0.0,0.0,0.0,0.0,0.0,0.0,0.0,0.0,0.01627,0.18325,0.0,0.0,0.0,1.10321,0.0,0.0,0.0,0.0,0.0
0.0,0.0,0.0,0.0,0.0,0.55361,0.0,0.0,0.0,0.0,0.0,0.0,0.0,2.81834,0.0,0.0,5.80165,0.0,0.0,0.0,0.0,0.0,0.0,0.0,0.0,0.0,0.0,0.0,0.0,0.0,0.0,0.0,0.04834,0.0,0.0,3.93474,1.58595,0.0,0.0,0.0,0.0,0.0,5.27089,0.0,0.0,0.0,0.0,2.51385,0.0,1.7959,0.0,0.0,0.0,0.0,0.0,0.0,0.0,0.0,0.0,0.21005,0.80319,0.0,0.0,13.98053,0.0,0.0,0.0,2.64971,15.4591,1.23977,0.0,0.0,0.0,0.0,0.0,0,5.15743,10.49625,0.0,0.0,0.0,0.0,0.0,0.0,0.0,0.0,0.0,0.0,0.0,0.0,0.11315,0.0,0.0,0.0,0.0,0.0,0.29872,0.0,0.29177,0.0,0.0,0.0,0.0,0.0,3.00894,0.0,0.0,0.0,0.0,0.0,0.0,0.42336,0.10223,0.0,0.0,0.72076,0.0,0.0,0.9461,0.0,0.0,0.0,0.0,0.0,0.0,0.04932,0.0,0.0,0.0,0.0,0.0,0.0,0.0,0.0,0.0,0.0,0.0,0.0,0.0,0.0,0.0,0.0,0.0,0.0,3.96787,0.0,0.0,0.0,0.0,0.0,0.0,0.0,0.0,0.0,0.0,0.0,0.0,0.0,0.0,0.0,0.0,0.0,0.0,0.0,0.0,0.0,0.0,0.0,0.0,0.0,0.0,0.0,0.0,0.0,0.13361,0.26043,1.15942,0.0,0.0,0.0,0.23497,1.68223,0.0,0.0,0.0,0.0,0.0,0.0,0.0,1.29794,0.0,0.0,0.0,0.0,0.0,0.0,0.0,0.0,0.0,0.06887,0.30308,0.0,3.58719,0.0,2.30286,0.0,0.0,0.0,0.0,0.0
0.0,0.0,0.64613,0.45906,0.0,2.37914,0.0,0.0,0.0,0.0,0.0,0.0,0.0,8.8922,0.0,0.0,3.6571,0.0,0.0,0.0,0.0,0.0,0.0,0.0,0.0,0.0,0.0,0.0,0.0,0.0,0.0,0.0,0.0,0.0,0.0,34.44766,0.0,0.0,0.0,0.0,0.0,0.0,0.0,0.0,0.0,0.0,0.0,1.175,0.0,3.39489,0.0,0.0,0.0,0.0,0.0,0.0,0.0,0.0,0.0,0.0,0.0,0.0,0.0,3.2246,0.0,0.0,0.0,0.64934,2.62838,0.01406,0.0,0.0,0.0,0.0,0.0,0,2.86231,10.05175,0.08947,0.0,0.0,0.0,0.14734,0.0,0.0,0.0,0.0,0.0,0.0,0.0,0.0,0.0,0.0,0.0,0.0,0.0,0.09945,0.0,1.37603,0.0,0.0,0.0,0.0,0.0,1.32728,0.0,0.0,0.0,0.0,0.0,0.00828,0.28086,0.11227,0.0,0.0,0.0,0.0,0.0,0.0,0.0,0.0,0.0,0.0,0.0,0.0,0.0,0.0,0.0,0.0,0.0,0.0,0.98406,0.0,0.0,0.0,0.0,0.0,0.0,0.0,0.0,0.0,0.0,0.0,0.0,0.0,0.0,0.0,0.0,0.0,0.0,0.0,0.0,0.0,0.0,0.0,0.0,0.0,0.0,0.0,0.0,0.0,0.0,0.0,0.0,0.0,0.0,0.0,0.0,0.0,0.0,0.0,0.0,0.0,0.0,0.0,0.0,0.0,0.06766,0.0,0.0,0.0278,0.0,0.0,0.0,0.0,0.0,0.0,0.0,0.0,0.0,0.0,0.0,0.0,0.0,0.0,0.0,0.0,0.0,0.0,0.12471,0.1464,0.0,1.29756,0.0,0.0,0.0,0.0,0.0,0.0,0.0
0.0,0.0,1.28058,1.3887,0.0,0.0,0.0,0.0,0.0,0.0,0.0,0.0,0.0,5.23811,0.0,0.0,2.12079,0.0,0.0,0.0,0.0,0.0,0.0,0.0,0.0,0.0,0.0,0.0,0.0,0.0,0.0,0.0,0.0,0.0,0.0,9.70145,0.0,0.0,0.0,0.0,0.0,0.0,4.04971,0.11774,0.0,0.0,0.0,1.31663,0.0,0.67461,0.0,0.0,0.0,0.0,0.0,0.0,0.0,0.0,0.0,0.0,0.0,0.0,0.0,0.0,0.0,0.0,0.0,0.30635,1.3931,0.00746,0.0,0.0,0.21,0.0,0.0,0,1.41877,6.70381,0.05469,0.0,0.0,0.0,0.28179,0.0,0.0,0.0,0.0,0.0,0.0,0.0,0.0,0.0,0.0,0.0,0.0,0.0,0.01522,1.23092,13.3646,0.0,0.0,0.0,0.0,0.0,9.2298,0.0,0.0,0.0,0.0,0.0,0.0,0.17749,1.01158,0.0,0.0,0.0,0.0,0.0,0.08083,0.0,0.0,0.0,0.0,0.0,0.0,0.03213,0.0,0.0,0.0,0.0,0.0,0.0,0.0,0.0,0.0,0.0,0.0,0.0,0.0,0.0,0.0,0.0,0.0,0.0,0.59718,0.17467,0.0,0.0,0.0,0.0,0.0,0.0,0.0,0.0,0.0,0.0,0.0,0.0,0.0,0.0,0.0,0.0,0.0,0.0,0.0,0.0,0.0,0.0,0.0,0.0,0.0,0.0,0.0,0.0,0.0,0.0,0.01269,0.07483,0.13161,0.0,0.00411,13.15019,0.0,0.03812,0.0,0.0,0.0,0.0,0.0,0.0,0.0,0.0,0.0,0.0,0.0,0.0,0.0,0.0,0.0,0.01063,0.03152,0.0,0.0,0.0,0.00698,0.0,0.0,0.0,0.0,0.0
0.0,0.0,0.16176,2.07078,0.0,0.11328,0.0,0.0,0.0,0.0,0.0,0.0,0.0,8.59049,0.0,0.0,1.04231,0.0,0.0,0.0,0.0,0.0,0.0,0.0,0.0,0.0,0.0,0.0,0.0,0.0,0.0,0.0,0.0,0.0,0.0,15.93706,0.0,0.0,1.81498,0.0,0.1152,0.0,6.54919,0.0,0.0,0.0,0.0,6.50149,0.0,0.65263,0.0,0.0,3.52702,0.0,0.0,0.0,0.0,0.0,0.0,0.0,0.02197,0.0,0.0,5.94842,0.0,0.0,0.0,1.58472,1.70582,2.32631,0.0,0.0,0.0,0.0,0.0,0,2.26408,4.00507,0.0,0.0,0.0,0.0,0.01859,0.0,0.0,0.0,0.0,0.0,0.0,0.0,0.0,0.0,0.0,0.0,0.0,0.0,0.00455,0.53436,6.3571,0.0,0.0,0.0218,0.0,0.0,8.2232,0.0,0.0,0.0,0.0,0.0,0.00645,0.53167,0.0,0.0,0.0,0.46099,0.0,0.0,0.35362,0.0,0.0,0.0,0.0,0.0,0.0,0.0,0.0388,0.0,0.0,0.0,0.0,0.0,0.0,0.0,0.0,0.0,0.0,0.0,0.0,0.0,0.0,0.0,0.0,0.0,5.5236,0.0,0.0,0.0,0.0,0.0,0.0,0.0,0.0,0.0,0.0,0.0,0.0,0.0,0.0,0.0,0.0,0.0,0.0,0.0,0.0,0.0,0.01193,0.0,0.0,0.0,0.0,0.0,0.0,0.0,0.00994,2.41276,0.0,0.0,0.0,0.0,0.14689,0.0,0.0,0.03439,0.0,0.0,0.0106,0.0,0.0,0.81354,0.0,0.0,0.0,0.02619,0.01567,0.0,0.0,0.0,0.0,0.03889,0.90198,0.0,0.04586,0.0,0.15664,0.0,0.0,0.0,0.0,0.0
0.0,0.0,0.44536,1.08474,0.0,10.92057,0.0,0.0,0.0,0.09248,0.00157,0.0,0.0,0.33907,0.0,0.0,5.32228,0.0,0.0,0.0,0.0,0.0,0.0,0.0,0.0,0.0,0.0,0.01199,0.0,0.00772,0.0,0.02497,0.21937,0.01759,0.26284,9.0909,0.0,2.31405,0.00931,0.0,0.0,0.0,1.53721,0.33599,0.0,0.0,0.0,0.86818,0.0,0.82468,0.0,0.0,0.0,0.0,0.0,0.0,0.0,0.0,0.0,0.0,0.0,0.0,0.0,11.20604,0.0,0.0,0.0,0.83389,2.92235,6.59777,0.0,0.0,2.05344,0.0,0.0,0,2.5244,3.72606,0.0,0.0,0.0,0.0,0.0,0.0,0.0,0.0,0.0,0.0,0.0,0.0,0.0,0.0,0.0,0.0,0.0,0.0,0.56634,0.0,3.77127,0.0,0.0,0.0,0.0,0.0,0.86425,0.0,0.0,0.0,0.0,0.0,0.0,0.91398,0.11378,0.0,0.0,0.0,0.0,0.0,0.09044,0.0,0.0,0.0,0.0,0.0,0.0,0.0,1.00083,0.0,0.0,0.0,0.0,0.04396,0.0,0.0,0.0,0.0,0.0,0.0,0.0,0.0,0.0,0.0,0.0,0.05367,12.73785,0.0,0.0,0.0,0.0,0.0,0.0,0.0,0.0,0.0,0.0,0.0,0.0,0.0,0.0,0.0,0.0,0.0,0.0,0.16247,0.0,0.0,0.12629,0.0,0.0,0.0,0.0,0.0,0.0,0.0,0.0,0.33721,0.14035,0.0,0.0,0.0,0.0,0.36875,0.0,0.08731,0.0,0.0,0.0,0.0,0.0,1.13439,0.0,0.0,0.0,0.0,0.0,0.0,0.0,0.0,0.0,0.0,0.029,0.0,0.0,0.0,0.0,0.0,0.0,0.0,0.0,0.0
0.0,0.0,0.08311,0.26707,0.0,2.24007,0.0,0.0,0.0,0.01369,0.0,0.0,0.0,0.83243,0.0,0.0,1.90683,0.0,0.0,0.0,0.0,0.0,0.0,0.0,0.0,0.0,0.0,0.0,0.0,0.0,0.0,0.0,0.00144,0.0,0.0,7.02568,0.0,0.0,0.0,0.0,0.0,0.0,1.40669,0.0,0.0,0.0,0.0,0.18912,0.0,1.34205,0.0,0.0,0.0,0.0,0.0,0.0,0.0,0.0,0.0,0.0,0.0,0.0,0.0,7.22445,0.01162,0.0,0.0,2.06005,2.42225,2.0676,0.0,0.0,0.0,0.0,0.0,0,1.86676,2.78097,0.0,0.0,0.0,0.0,0.0,0.0,0.0,0.0,0.0,0.0,0.0,0.0,0.0,0.0,0.0,0.0,0.0,0.0,0.15191,0.00894,1.97741,0.0,0.0,0.0,0.0,0.0,1.11457,0.0,0.0,0.0,0.0,0.0,0.0,0.02645,0.0,0.0,0.0,0.07643,0.0,0.0,0.0,0.0,0.0,0.0,0.0,0.0,0.0,0.0,0.0,0.0,0.0,0.0,0.0,0.0,0.0,0.0,0.0,0.0,0.0,0.01428,0.0,0.0,0.0,0.0,0.0,0.11957,2.99139,0.0,0.0,0.0,0.0,0.0,0.0,0.0,0.0,0.0,0.0,0.0,0.0,0.0,0.0,0.0,0.0,0.0,0.0,0.0,0.0,0.0,0.0,0.0,0.0,0.0,0.0,0.0,0.0,0.0,0.0,0.30038,0.07475,0.04186,0.0,0.0,0.00624,47.41692,0.0,0.00404,0.0,0.0,0.0,0.0,0.0,0.26279,0.0,0.0,0.0,0.0,0.0,0.0,0.0,0.0,0.0,0.03692,0.50898,0.0,0.0,0.0,0.00546,0.0,0.0,0.0,0.0,0.0
0.0,0.00049,1.33474,1.99134,0.0,1.42513,0.0059,0.0,0.03434,0.37942,0.0,0.0,0.0,3.54302,0.0,0.0,1.93756,0.0,0.0,0.0,0.0,0.0,0.0,0.0,0.0,0.0,0.0,0.00096,0.0,0.00842,0.0,0.0,0.23056,0.0,0.02821,5.10643,0.0,0.0,0.0,0.0,0.0,0.0,2.96266,0.0,0.0,0.0,0.0,2.5442,0.0,0.8843,0.0,0.0,0.0,0.0,0.00321,0.0,0.0,0.0,0.0,0.0,0.0,0.0,0.0,20.49413,0.00435,0.0,0.0,0.67902,1.67542,0.0,0.0,0.0,0.0,0.0,0.0,0,1.52016,5.58603,0.12771,0.0,0.0,0.0,0.00214,0.0,0.0,0.0,0.0,0.0,0.0,0.0,0.0,0.0,0.0,0.0,0.0,0.0,1.09819,0.1589,5.67528,0.0,0.0,0.0,0.0,0.00061,1.44693,0.0,0.0,0.0,0.0,0.0,0.0,1.98577,0.72875,0.0,0.0,0.0,0.0,0.0,0.24796,0.0,0.0,0.0,0.0,0.0,0.0,0.03323,0.00762,0.0,0.0,0.0,0.0,0.0,0.0,0.0,0.0,0.00585,0.01316,0.0,0.0,0.0,0.0,0.0,0.0,0.0,0.0,0.0,0.0,0.0,0.0,0.0,0.02495,0.0,0.0,0.0,0.0,0.0,0.0,0.0,0.0,0.0,0.0,0.0,0.0,0.02902,0.0,0.0,0.04087,0.0,0.0,0.0,0.0,0.0,0.0,0.0,0.00237,7.43228,0.06785,0.78293,0.55402,0.0,0.41513,15.78959,0.0,0.06968,0.0,0.0,0.0,0.0,0.0,0.0,0.0,0.0,0.0,0.0,0.0,0.0,0.00275,0.0,0.0,0.00443,0.14006,0.0,0.0,0.0,0.0,0.0,0.0,0.0,0.0,0.0
0.0,0.0,0.0,0.0,0.0,0.0,0.0,0.0,0.0,0.0,0.0,0.0,0.0,11.33747,0.0,0.0,10.48361,0.0,0.0,0.0,0.0,0.02078,0.0,0.0,0.0,0.0,0.0,0.0,0.0,0.00987,0.0,0.0,0.0,0.0,0.0,10.10092,0.0,0.0,23.93933,0.0,0.0,0.0,4.13372,0.0,0.0,0.0,0.0,1.74639,0.0,0.0,0.0,0.0,0.0,0.0828,0.0,0.0,0.0,0.0,0.0,0.0,0.0,0.0,0.0,9.48061,0.0,0.0,0.0,0.0,0.0,0.0,0.0,0.0,0.0,0.0,0.0,1,2.22199,0.0,1.21735,0.0,0.0,0.09756,0.0,0.0,0.0,0.0,0.0,0.0,0.0,0.0,0.0,0.0,0.0,1.35917,0.09532,0.0,0.0,0.0,5.55742,0.0,0.0,0.0,0.0,0.0,2.47882,0.0,0.0,0.0,0.0,0.0,0.0,0.0,0.92456,0.0,0.0,0.0,0.0,0.0,0.00344,0.0,0.0,0.0,0.0,0.0,0.0,0.0,0.0,0.0,0.0,0.0,0.0,0.0,0.00443,0.0,0.0,0.0,0.0,0.0,0.0,0.0,0.0,0.0,0.0,0.0,0.0,0.0,0.0,0.0,0.0,0.0,0.0,0.0,0.0,0.0,0.0,0.0,0.0,0.0,0.0,0.0,0.0,0.0,0.0,0.0,0.0,0.0,0.02249,0.0,0.0,0.0,0.0,0.0,0.0,0.0,0.0,0.0,0.0,0.5082,0.0,0.0,0.0,0.0,0.0,0.67663,0.0,0.0,0.00432,0.03563,3.34269,0.0,0.0,0.0,0.0,0.0,0.0,0.0,0.0,0.0,0.0,0.02041,0.20806,0.0,0.08744,0.0,0.0,0.0,0.00942,0.0,0.0,0.0
0.0,0.0,0.19404,0.23655,0.0,0.01705,0.0,0.0,0.0,0.0,0.0,0.0,0.0,3.95256,0.0,0.0,1.80826,0.0,0.0,0.0,0.0,0.0,0.0,0.0,0.0,0.0,0.0,0.0,0.0,0.0,0.0,0.0,0.08779,0.0,0.0,18.13049,0.0,0.02752,0.50001,0.0,2.92312,0.0,8.01308,0.0,0.0,0.0,0.0,0.90672,0.0,0.45789,0.0,0.0,0.0,0.0,0.0,0.0,0.0,0.0,0.0,0.0,0.0,0.0,0.0,23.27703,0.02185,0.0,0.0,1.26931,1.93245,3.25239,0.0,0.0,0.0,0.0,0.0,0,1.12374,7.92145,0.00337,0.0,0.0,0.0,0.0,0.0,0.0,0.0,0.0,0.0,0.0,0.0,0.0,0.0,0.0,0.0,0.0,0.0,1.22802,0.0,0.36109,0.0,0.0,0.0,0.0,0.0,0.48714,0.0,0.0,0.0,0.0,0.0,0.0,0.60219,0.0,0.0,0.0,0.1799,0.0,0.0,0.18759,0.0,0.0,0.0,0.0,0.0,0.0,0.0,0.0,0.0,0.0,0.0,0.0,0.0,0.0,0.0,0.0,0.0,0.0,0.0,0.0,0.0,0.0,0.0,0.0,0.0,1.39871,0.0,0.0,0.0,0.0,0.0,0.0,0.0,0.0,0.0,0.0,0.0,0.0,0.0,0.0,0.0,0.0,0.0,0.0,0.0,0.0,0.0,0.0,0.0,0.0,0.0,0.0,0.0,0.0,0.0,0.0,0.11708,0.00301,0.1087,0.30389,0.0,0.04539,6.57554,0.0,0.16151,0.0,0.0,0.0,0.0,0.0,0.0,0.0,0.0,0.0,0.0,0.0,0.0,0.0,0.0,0.0,0.01361,0.31677,0.0,0.05527,0.0,0.0,0.0,0.0,0.0,0.0,0.0
0.0,0.0,0.05047,0.0,0.0,0.0,0.0,0.0,0.0,0.05045,0.0,0.0,0.0,0.0,0.0,0.0,13.37367,0.0,0.0,0.0,0.0,0.0,0.0,0.0,0.0,0.0,0.0,0.08565,0.0,0.0,0.0,0.0,0.0,0.0,0.0,0.0,0.0,0.0,0.0,0.0,0.0,0.0,1.33113,9.4239,0.0,0.0,0.0,0.0,0.0,0.03648,0.0,0.0,0.0,0.0,0.0,0.0,0.0,0.0,0.0,0.0,0.0,0.0,0.0,2.63953,0.0,0.0,0.0,0.0,0.0,0.0,0.0,0.0,0.0,0.0,0.0,1,0.0,0.0,0.79974,0.0,1.50401,0.21425,0.0,0.0,0.0,0.0,0.0,0.0,0.0,0.0,0.0,0.0,0.0,0.33771,0.0,0.0,0.0,0.0,0.01128,0.0,0.0,0.0,0.0,0.00133,0.96149,0.0,0.0,0.0,0.0,0.0,0.0,0.0,0.06343,0.0,0.0,0.0,0.0,0.0,0.02842,0.0,0.0,0.0,0.0,0.0,0.0,0.0,0.0,0.0,0.0,0.0,0.0,0.0,0.00314,0.0,0.0,0.0,0.0,0.0,0.0,0.0,0.0,0.0,0.0,0.0,0.0,0.0,0.0,0.03628,0.0,0.0,0.0,0.0,0.0,0.0,0.0,0.0,0.0,0.0,0.0,0.0,0.0,0.0,0.0,0.0,0.0,0.0,0.00479,0.0,0.0,0.0,0.0,0.0,0.0,0.0,0.0,0.0,0.02,0.0,0.0,0.0,0.0,0.0,0.0,0.35199,0.0,0.0,0.0,0.0,0.08593,0.0,0.0,0.0,0.0,0.0,0.00872,0.0,0.0,0.0,0.00333,0.0,0.01055,0.0,0.0,0.0,0.0,0.0,0.0,0.0,0.0,0.0
0.0,0.0,0.21509,0.0,0.0,0.0,0.0,0.0,0.0,0.0,0.0,0.0,0.0,1.64988,0.0,0.0,1.04113,0.0,0.0,0.01362,0.0,0.0,0.0,0.0,0.0,0.0,0.0,0.0,0.0,0.0,0.0,0.0,0.0,0.0,0.0,7.70612,0.0,0.0,8.48123,0.0,0.0,0.0,0.90865,0.0,0.0,0.0,0.0,1.72563,0.0,0.75099,0.0,0.00492,0.0,0.0,0.0,0.0,0.0,0.0,0.0,0.0,0.0,0.0,0.0,18.15426,0.0,0.0,0.0,1.61032,15.08587,0.27796,0.0,0.0,0.0,0.0,0.15795,0,5.38665,1.7588,0.0,0.0,0.0,0.0,0.0,0.0,0.0,0.0,0.0,0.0,0.0,0.0,0.0,0.0,0.0,0.0,0.54924,0.0,0.12462,0.75198,0.0,0.0,0.0,0.0,0.0,0.0,0.46841,0.0,0.0,0.0,0.0,0.0,0.0,0.45275,0.07299,0.0,0.0,0.34885,0.0,0.0,0.18789,0.0,0.0,0.0,0.0,0.0,0.0,0.00344,0.0,0.0,0.0,0.0,0.0,0.0,0.0,0.0,0.0,0.0,0.0,0.0,0.0,0.0,0.0,0.0,0.0,0.0,0.0,0.49015,0.0,0.0,0.0,0.0,0.0,0.0,0.0,0.0,0.0,0.0,0.0,0.0,0.0,0.0,0.0,0.0,0.0,0.0,0.0,0.0,0.0,0.0,0.0,0.0,0.0,0.0,0.0,0.0,0.06845,0.01924,0.04221,0.0,0.0,0.0,0.0,0.0,0.0,4.64651,0.0,0.0,0.0,0.14153,0.0,1.02441,0.0,0.0,0.0,0.0,0.0,0.0,0.0,0.0,0.0,0.3473,0.49334,0.0,0.0,0.0,0.12188,0.0,0.0,0.0,0.0,0.0
0.0,0.0,0.0,0.0,0.0,0.0,0.0,0.0,0.0,0.0,0.0,0.0,0.0,0.0,0.0,0.01992,0.0,0.0,0.0,0.0,0.0,0.0,0.0,0.0,0.0,0.0,0.0,0.0,0.0,0.0,0.0,0.0,0.0,0.0,0.0,0.0,0.0,0.0,0.0,0.75857,0.0,0.0,0.0,0.0,0.0,0.0,0.0,0.0,0.0,0.0,0.0,0.0,0.0,0.0,0.0,0.0,0.0,0.09625,0.649,0.0,0.0,0.21203,0.0,0.0,0.0,0.0,0.0,0.0,0.0,0.0,0.0,0.0,0.0,0.0,0.0,1,0.0,0.0,0.0,0.04566,0.0,0.0,0.0,0.0,0.0,0.03795,0.0,9.31825,0.0,0.0,6.9219,0.0,0.0,8.57696,3.76131,0.0,0.0,0.0,0.0,0.0,0.0,0.0,0.0,0.0,0.0,0.0,0.0,0.07967,0.0,0.0,0.0,0.0,0.0,0.05682,0.0,0.0,0.0,8.82305,0.0,0.0,0.0,0.0,0.0,0.0,0.0,0.0,0.0,0.0,0.0,0.0,0.0,0.0,0.0,0.0,0.0,0.0,0.0,0.0,0.0,0.0,0.0,0.0,0.0,0.0,0.0,0.0,0.0,0.0,0.0,0.0,0.0,0.0,0.0,0.0,0.0,0.0,0.0,0.0,3.13923,0.02584,0.0,0.0,0.0,0.0,0.0,0.0,3.68669,0.0,0.0,0.0,0.0,0.0,0.0,0.0,0.0,0.0,0.0,0.0,0.0,0.0,0.0,0.0,0.0,0.0,0.0,0.0,0.0,0.73056,0.0,0.0,0.78354,0.29589,0.0,0.0,0.0,0.0,0.0,0.0,0.0012,0.0,0.0,0.0,0.0,0.0,0.0,0.0,0.0,0.0,0.0,6.15531
0.0,0.0,0.0,0.0,0.0,0.0,0.0,0.0,0.0,0.0,0.0,0.0,0.0,0.0,0.0,0.9463,0.0,0.0,0.0,0.0,0.01825,0.0,0.0,0.0,0.0,0.0,0.0,0.0,0.0,0.0,0.0,0.0,0.00197,0.0,0.0,0.0,0.0,0.0,0.0,8.56781,0.0,0.0,0.0,0.0,0.0,0.0,0.0,0.0,0.0,0.0,0.0,0.0,0.0,0.0,0.0,0.0,0.0,0.10429,0.29784,0.0,0.0,0.71875,0.0,0.0,0.0,0.0,0.0,0.0,0.0,0.0,0.0,0.0,0.0,0.0,0.0,1,0.0,0.0,0.0,0.11333,0.0,0.0,0.0,0.0,0.0,0.07545,0.0,2.24495,0.0,0.0,4.7537,0.0,0.0,10.4671,1.17688,0.0,0.0,0.0,0.0,0.0,0.0,0.0,0.0,0.0,0.0,0.0,0.0,0.00899,0.0,0.0,0.0,0.0,0.0,0.0,0.0,0.0,0.0,0.27875,0.04588,0.0,0.0,0.62055,0.0,0.0,0.0,0.0,0.0,0.0,0.0,0.0,0.0,0.0,0.0,0.0,0.01864,0.0,0.0,0.0,0.0,0.0,0.0,0.0,0.0,0.0,0.0,0.0,0.0,0.0,0.0,0.0,0.0,0.0,0.0,0.0,0.0,0.0,0.0,0.0,0.9973,0.0,0.0,0.0,0.0,0.0,0.0,0.0,0.23823,0.0,0.0,0.0,0.0,0.0,0.0,0.0,0.0,0.0,0.0,0.0,0.0,0.0,0.0,0.0,0.0,0.0,0.0,0.0,0.00557,0.28209,0.0,0.0,0.00418,0.0,0.0,0.0,0.00861,0.0,0.00481,0.0,0.00083,0.00162,0.0,0.0,0.0,0.0,0.0,0.0,0.0,0.0,0.0,0.03657
0.0,0.0,0.0,0.0,0.06996,0.0,0.0,0.0,0.0,0.0,0.0,0.0,0.0,0.54904,0.0,0.0,0.0,0.0,0.0,0.0,0.0,0.0,0.0,0.0,0.0,0.0,0.0,0.0,0.0,0.0,0.0,0.0,0.0,0.0,0.0,0.0,0.0,0.0,0.0,0.05515,0.0,0.0,0.0,0.0,0.0,0.0,0.0,0.0,0.0,10.80907,0.0,0.0,0.0,0.0,0.0,0.0,0.0,0.0,0.06932,0.0,0.0,0.0,0.08899,0.0,0.0,0.0,0.0,0.0,0.0,0.0,0.0,0.0,0.0,0.0,0.0,1,0.0,0.0,0.0,0.0,0.0,0.0,0.0,0.0,0.0,0.0,0.0,0.57831,0.0,0.0,2.14021,0.0,0.02258,4.38508,1.26828,0.0,0.0,0.0,0.0,0.0,0.0,0.0,0.0,0.10769,5.51477,0.0,0.2643,0.0,0.0,0.0,0.0,0.0,0.0,0.0,4.34847,0.0,0.0,0.0,0.1153,0.0,26.18262,0.0,0.02819,0.0,0.0,0.0,0.0,0.0,0.0,0.0,0.0,0.0,0.0,0.0,0.0,0.0,0.0,0.0,0.0,0.0,0.0,0.0,0.0,0.0,0.0,0.0,0.0,0.0,0.0,0.0,0.0,0.0,0.0,0.0,0.0,0.0,0.0,0.0,0.0,0.0,0.0,0.0,0.0,0.0,0.0,0.0,1.2005,0.0,0.0,0.0,0.0,0.0,0.0,0.0,0.0,0.11156,0.0,0.0,0.0,0.0,0.0,0.0,0.0,0.0,0.0,0.0,0.0,0.0,0.0,0.0,0.0,0.0,0.0,0.01757,0.0,0.0,0.00529,0.02997,0.00457,0.51621,0.86651,0.06345,0.0,0.0,0.0,0.0,0.42312,0.0,1.04513,16.08536
0.0,0.0,0.12246,0.0,0.0,0.0,0.0,0.0,0.0,0.0,0.0,0.0,0.0,0.0,0.0,0.0,1.46344,0.0,0.0,0.0,0.0,0.0,0.0,0.0,0.0,0.0,0.0,0.01983,0.0,0.0,0.0,0.0,0.0,0.0,0.0,0.0,0.0,0.0,0.0,0.0,0.0,0.0,2.07683,1.97482,0.0,0.0,0.0,0.0,0.0,0.11035,0.0,0.0,0.0,0.0,0.0,0.0,0.0,0.0,0.0,0.0,0.0,0.0,0.0,4.16545,0.0,0.0,0.0,0.0,0.0,0.0,0.0,0.0,0.0,0.0,0.0,1,0.0,0.0,1.2902,0.0,0.14689,0.02107,0.0,0.0,0.0,0.0,0.0,0.0,0.0,0.0,0.0,0.0,0.0,0.17117,0.0,0.0201,0.18997,0.0,0.0,0.0,0.0,0.0,0.0,0.0,0.81899,0.0,0.0,0.0,0.0,0.0,0.0,0.0,0.13004,0.0,0.0,0.0,0.0,0.0,0.0,0.0,0.0,0.0,0.0,0.0,0.0,0.0,0.0,0.0,0.0,0.0,0.0,0.0,0.0,0.0,0.0,0.0,0.0,0.0,0.0,0.0,0.0,0.0,0.0,0.0,0.0,0.0,0.0,0.02818,0.0,0.0,0.0,0.0,0.0,0.0,0.0,0.0,0.0,0.0,0.0,0.0,0.0,0.0,0.0,0.0,0.0,0.0,0.0,0.0,0.0,0.0,0.0,0.0,0.0,0.0,0.00529,0.0,0.0,0.0,0.0,0.0,0.0,0.0,0.0,0.4308,0.0,0.0,0.0,0.0,0.22313,0.0,0.0,0.0,0.0,0.0,0.05312,0.0,0.0,0.0,0.0,0.0,0.0,0.0,0.0,0.0,0.0,0.0,0.0,0.0,0.0,0.0
0.0,0.0,0.0,0.0,0.0,0.0,0.0,0.0,0.0,0.0,0.0,0.0,0.0,0.0,0.0,0.0,0.0,0.0,0.0,0.0,0.0,0.0,0.0,0.0,0.0,0.0,0.0,0.0,0.0,0.0,0.0,0.0,0.0,0.0,0.0,0.0,0.0,0.0,0.0,0.0,0.0,0.0,0.0,0.0,0.0,0.0,0.0,0.0,0.0,0.0,0.0,0.0,0.0,0.0,0.0,0.0,0.0,0.0,0.36853,0.0,0.0,0.0,0.0,0.0,0.0,0.0,0.0,0.0,0.0,0.0,0.0,0.0,0.0,0.0,0.0,1,0.0,0.0,0.0,0.0,0.0,0.0,0.0,0.0,0.0,0.0,0.0,0.0,0.0,0.0,17.79606,0.0,0.0,16.11549,0.39917,0.0,0.0,0.0,0.0,0.0,0.0,0.0,0.0,0.0,0.0,0.0,0.0,0.03911,0.0,0.0,0.0,0.0,0.0,0.0,0.0,0.0,0.0,0.0,0.0,0.0,0.0,0.008,2.77648,0.41251,0.64527,0.0,0.0,0.0,0.0,0.0,0.0,0.09246,0.0,0.0,0.0,0.0,0.0,0.0,0.0,0.0,0.0,0.0,0.0,0.0,0.0,0.0,0.0,0.0,0.0,0.0,0.0,0.0,0.0,0.0,0.0,0.0,0.0,0.0,2.13386,0.0,0.0,0.0,0.0,0.0,0.0,0.0,0.15504,0.0,0.0,0.0,0.0,0.0,0.0,0.0,0.0,0.0,0.0,0.0,0.0,0.0,0.0,0.0,0.0,0.0,0.0,0.0,0.0,0.01674,0.0,0.0,0.0,0.0,0.0,0.0,0.0,0.0,0.1081,0.0,0.0,0.0,0.0,0.0,0.0,0.0,0.0,0.0,0.0,0.0,0.0,0.0
0.0,0.0,0.0,0.0,0.05625,0.0,0.0,0.0,0.0,0.0,0.0,0.0,0.0,0.76207,0.0,0.0,0.0,0.0,0.0,0.0,0.0,0.0,0.0,0.0,0.0,0.0,0.0,0.0,0.0,0.0,0.0,0.0,0.0,0.0,0.0,0.0,0.0,0.0,0.0,0.05966,0.0,0.0,0.0,0.0,0.0,0.0,0.0,0.0,0.0,12.37928,0.0,0.0,0.0,0.0,0.0,0.0,0.0,0.0,0.05619,0.0,0.0,0.0,0.08779,0.0,0.0,0.0,0.0,0.0,0.0,0.0,0.0,0.0,0.0,0.0,0.0,1,0.0,0.0,0.0,0.0,0.0,0.0,0.0,0.0,0.0,0.0,0.0,0.42266,0.0,0.0,2.45409,0.0,0.01947,4.84695,1.28194,0.0,0.0,0.0,0.0,0.0,0.0,0.0,0.0,0.12631,5.60639,0.0,0.24026,0.0,0.0,0.0,0.0,0.0,0.0,0.0,4.68722,0.0,0.0,0.0,0.08731,0.0,24.52052,0.0,0.0,0.0,0.0,0.0,0.0,0.0,0.0,0.0,0.0,0.0,0.0,0.0,0.0,0.0,0.0,0.0,0.0,0.0,0.0,0.0,0.0,0.0,0.0,0.0,0.0,0.0,0.0,0.0,0.0,0.0,0.0,0.0,0.0,0.0,0.0,0.0,0.0,0.0,0.0,0.0,0.0,0.0,0.0,0.0,0.80109,0.0,0.0,0.0,0.0,0.0,0.0,0.0,0.0,0.0898,0.0,0.0,0.0,0.0,0.0,0.0,0.0,0.0,0.0,0.0,0.0,0.0,0.0,0.0,0.0,0.0,0.0,0.04393,0.04665,0.00615,0.11472,0.03915,0.0,0.51904,1.05315,0.15294,0.0,0.0,0.0,0.0,0.16226,0.0,0.99163,15.12211
0.0,0.0,0.0,0.0,0.0,15.96939,0.0,0.0,0.0,0.0,0.0,0.0,0.0,0.18243,0.0,0.0,0.92823,0.0,0.0,0.0,0.0,0.0,0.0,0.0,0.0,0.0,0.0,0.0,0.0,0.0,0.0,0.0,0.0,0.0,0.0,12.85918,0.0,0.0,15.0243,0.0,0.0,0.0,4.67346,0.0,0.0,0.1094,0.0,0.04044,0.0,0.13713,0.0,0.0,0.0,0.0,0.0,0.0,0.03776,0.0,2.474,0.0,0.0,0.0,0.0,15.81272,0.0,0.0,0.0,0.27629,0.0,0.0,0.0,0.0,0.17981,0.12284,0.0,1,0.0,0.0,1.21342,0.0,0.0,1.55979,0.0,0.0,0.0,0.0,0.0,0.29627,0.0,0.0,0.0,0.0,0.0,0.34848,2.19729,0.0,0.0,0.0,2.81685,0.0,0.0,0.0,0.0,7.67053,0.44838,0.0,0.0,0.0,0.0,0.0,0.0,0.10756,0.08576,0.0,0.0,0.0,0.0,1.68915,0.30715,0.0,0.0,0.0,0.0,0.0,0.0,0.0,0.0,0.07675,0.0,0.0,0.0,0.80116,0.0,0.0,0.0,0.0,0.0,0.0,0.0,0.0,0.0,0.0,0.0,0.0,0.0,0.0,0.0,0.0,0.0,0.0,0.0,0.0,0.0,0.0,0.91491,0.0,0.0,0.0,0.0,0.0,0.0,0.0,0.0,0.0,0.0,0.0,0.0,0.0,0.0,0.0,0.0,0.0,0.0,0.0,0.0,0.0,0.0,0.0,0.0,0.0,1.41178,0.13895,0.05182,0.0,0.0,0.0,0.0,0.0,0.0,0.0,0.0,0.0,0.0,0.0,0.0,0.0,0.0,0.0,0.0,0.0,0.06442,0.0,0.0,0.0,0.00489,0.0,0.0,0.0,0.0,0.12593
0.0,0.0,0.0,0.0,0.0,1.54433,0.0,0.0,0.0,0.0,0.0,0.0,0.50786,0.03344,0.0,0.0,0.12431,0.0,0.0,0.0,0.0,0.0,0.0,0.0,0.0,0.0,0.0,0.0,0.0,0.0,0.0,0.0,0.0,0.0,0.0,0.52268,0.0,0.0,30.86254,0.0,0.0,0.0,1.66413,0.0,0.0,0.04883,0.0,0.0,0.41728,0.19752,0.0,0.0,0.0,0.0,0.0,0.0,0.0,0.0,0.39147,0.0,0.0,0.0,0.0,24.27379,0.0,0.0,0.0,0.0,0.0,0.0,0.0,0.0,0.0,0.0,0.0,1,0.0,0.0,1.68526,0.0,0.0,2.39917,0.00338,0.0,0.0,0.0,0.0,0.0,0.0,0.0,0.0,0.0,0.0,0.3381,0.05473,0.0,0.0,0.0,0.0,0.0,0.0,0.0,0.0,0.23857,0.04995,0.0,0.0,0.0,0.0,0.0,0.0,0.00562,0.152,0.0,0.0,0.0,0.0,0.0,0.1657,0.0,0.0,0.0,0.0,0.0,0.0,0.0,0.0,0.0,0.0,0.0,0.0,0.0,0.0,0.0,0.0,0.0,0.0,0.0,0.0,0.0,0.0,0.0,0.00604,0.0,0.0,0.0,0.0,0.0,0.0,0.0,0.0,0.0,0.0,0.0,0.0,0.0,0.0,0.0,0.0,0.0,0.0,0.0,0.0,0.0,0.0,0.0,0.0,0.0,0.0,0.0,0.0,0.0,0.0,0.0,0.0,0.0,0.0,0.0,0.0,0.0,0.0,0.0,0.0,0.0,0.0,0.06412,0.0,0.0,0.0,0.0,0.0,0.0,0.0,0.0,0.0,0.0,0.0,0.0,0.05907,0.0,0.0,0.0,0.0,0.0,0.0,0.0,0.08644,0.0,0.0,0.0
0.0,0.0,0.0,0.0,0.0,3.11273,0.0,0.0,0.0,0.0,0.0,0.0,0.28683,0.30674,0.0,0.0,0.0,0.0,0.0051,0.0,0.0,0.0,0.0,0.0,0.0,0.0,0.0,0.0,0.0,0.0,0.0,0.0,0.0,0.0,0.0,0.0,0.0,0.0,28.69075,0.0,0.0,0.0,0.68902,0.0,0.0,1.78564,0.0,0.0,0.67933,0.0,0.0,0.0,0.0,0.0,0.0,0.0,0.0,0.0,0.01674,0.0,0.0,0.0,0.0,35.10022,0.00649,0.0,0.0,0.0,0.0,0.0,0.0,0.0,0.0,0.0,0.0,1,0.0,0.0,1.5405,0.0,0.0,1.28294,0.0,0.0,0.0,0.0,0.0,0.01338,0.0,0.04655,0.09754,0.0,0.0,0.07144,0.05209,0.0,0.0,0.0,0.0,0.0,0.0,0.0,0.0,0.87145,0.14261,0.0,0.0,0.0,0.0,0.0,0.0,0.0,0.12446,0.0,0.0,0.0,0.0,0.0,0.03519,0.0,0.0,0.0,0.0,0.0,0.0,0.0,0.0,0.0,0.0,0.0,0.0,0.0,0.0,0.0,0.0,0.0,0.0,0.0,0.0,0.0,0.0,0.0,0.0,0.0,0.0,0.0,0.0,0.0,0.0,0.0,0.0,0.0,0.0,0.0,0.0,0.0,0.0,0.0,0.0,0.0,0.0,0.0,0.0,0.0,0.0,0.0,0.0,0.0,0.0,0.0,0.0,0.0,0.0,0.0,0.0,0.0,0.0,0.0,0.0,0.0,0.0,0.0,0.0,0.0,0.0,0.0,0.0,0.0,0.0,0.0,0.0,0.0,0.0,0.0,0.0,0.0,0.0,0.0,0.0,0.0,0.0,0.0,0.0,0.0,0.0,0.0,0.2589,0.0,0.0,0.0
0.0,0.0,0.0,0.0,0.0,1.40167,0.0,0.0,0.0,0.0,0.0,0.0,1.27409,0.18848,0.0,0.0,0.0,0.0,0.02543,0.0,0.0,0.0,0.0,0.0,0.0,0.0,0.0,0.0,0.0,0.0,0.0,0.0,0.0,0.0,0.0,0.01415,0.0,0.0,21.0661,0.0,0.0,0.0,0.19996,0.0,0.0,0.0,0.0,0.0,0.28014,0.05727,0.0,0.0,0.0,0.0,0.0,3.76509,0.0,0.11175,0.06915,0.0,0.0,0.0,0.0,18.2236,0.0,0.0,0.0,0.0299,0.0,0.0,0.0,0.0,0.0,0.0,0.0,1,0.0,0.0,0.73239,0.0,0.0,0.58772,0.0,0.00591,0.0,0.0,0.0,0.17035,0.0,0.0,0.0,0.0,0.0,0.18217,0.11889,0.0,0.0,0.0,0.0,0.0,0.0,0.0,0.0,2.86735,2.10135,0.0,0.0,0.0,0.0,0.0,0.0,0.0,0.05893,0.0,0.0,0.0,0.0,0.18917,0.15253,0.0,0.237,0.0,0.01377,0.0,0.0,0.0,0.0,0.0,0.0,0.0,0.0,0.2558,0.0,0.0,0.0,0.0,0.0,0.0,0.0,0.0,0.0,0.0,0.00586,0.0,0.0,0.0,0.0,0.0,0.0,0.0,0.0,0.0,0.0,0.0,0.0,0.0,0.0,0.0,0.09823,0.0,0.0,0.0,0.0,0.0,0.0,0.0,0.0,0.0,0.0,0.0,0.0,0.0,0.0,0.0,0.0,0.0,0.0,0.0,0.0,0.0,0.0,0.0,0.0,0.33256,0.0,0.0,0.0,0.0,0.0,0.0,0.0,0.0,0.0,0.0,0.02903,0.0,0.0,0.0,0.0,0.0,0.0,0.0,0.0,0.0,0.0,0.0,0.38513,0.0,0.0,0.0
0.0,0.0,0.0,0.00302,0.0,0.0,0.0,0.0,0.0,0.0,0.0,0.0,0.23608,0.18844,0.0,0.0,3.75426,0.0,0.0,0.0,0.0,0.0,0.0,0.0,0.0,0.0,0.0,0.0,0.0,0.0,0.0,0.0,0.0,0.0,0.0,1.06763,0.0,0.0,22.84559,0.0,0.0,0.0,10.91628,0.0,0.0,0.32097,0.0,0.0,0.0,7.46073,0.0,0.0,0.0,0.0,0.0,0.0,0.0,0.0,0.0,0.0,0.09109,0.0,0.0,28.18157,0.002,0.0,0.0,0.75311,0.0,0.0,0.0,0.0,0.0019,0.0,0.0,1,0.0,1.04794,0.81758,0.0,0.0,0.06142,0.0,0.0,0.0,0.0,0.0,0.0,0.0,0.0,4.78831,0.0,0.0,0.0,0.06348,0.0,0.0,0.0,0.46886,0.0,0.0,0.0,0.0,0.04504,1.51645,0.0,0.0,0.0,0.0,0.0,0.02352,0.00205,0.06173,0.0,0.0,0.0,0.05735,0.0,0.14251,0.0,0.0,0.0,0.0,0.0,0.0,0.0,0.0,0.0,0.0,0.0,0.0,0.0,0.0,0.0,0.0,0.0,0.0,0.0,0.0,0.01109,0.0,0.0,0.0,0.0,0.0,0.0,0.0,0.0406,0.0,0.0,0.0,0.0,0.0,0.0,0.0,0.0,0.0,0.02945,0.46131,0.0,0.0,0.0,0.0,0.0803,0.0,0.0,0.0,0.0,0.0,0.0,0.0,0.0,0.0,0.0,0.0,0.0,0.0,0.04873,0.39227,0.0,0.33902,2.5225,0.0,0.07065,0.0008,0.0,0.00274,0.0,1.06812,0.0,0.0,0.0,0.0,0.0,0.0,0.0,0.0,0.0,0.0,0.01877,0.08897,0.0,0.0,0.0,0.10608,0.0,0.0,0.0,0.0,0.0
0.0,0.0,1.47615,0.29621,0.0,0.0,0.16388,0.0,0.0,0.20415,0.00409,0.0,0.0,0.0,0.0,0.01885,5.75146,0.0,0.00119,0.0,0.0,0.0,0.0,0.0,0.0,0.0,0.0,0.25186,0.0,0.0,0.0,0.0,0.0,0.0,0.0,0.0,0.0,0.0,0.0,0.0,0.0,0.0,5.11597,0.02951,0.0,0.0,0.0,0.0,0.0,7.0916,0.0,0.0,0.0,0.0,0.0,0.0,0.0,0.0,0.0,0.0,0.07196,0.0,0.0,2.69386,0.0,0.0,0.0,0.0,0.0,0.0,0.0,0.0,0.0,0.0,0.0,1,0.0,0.0,0.98751,0.0,0.04328,0.17163,0.0,0.0,0.0,0.0,0.0,0.0,0.0,0.0,0.0,0.0,0.0,0.0,0.0,0.0,5.1993,0.0,2.67473,0.0,0.0,0.0,0.00285,0.02315,4.31897,0.0,0.0,0.0,0.0,0.00321,0.02888,0.41265,0.5197,0.0,0.0,0.0,0.0,0.0,0.22084,0.0,0.0,0.0,0.0,0.0,0.0,0.0,0.0,0.0,0.0,0.0,0.0,0.0,0.01316,0.0,0.0,0.0,0.0,0.0,0.0,0.0,0.0,0.0,0.0,0.0,0.0,0.0,0.0,0.29412,0.0,0.0,0.0,0.0,0.0,0.01937,0.0,0.00156,0.0,0.00375,0.0,0.02072,0.0,0.0,0.0,0.0,0.0,0.0,0.60977,0.0,0.0,0.0,0.0,0.0,0.0,0.0,0.02149,0.0,0.52071,0.0,4.21982,0.0,0.0,11.32595,0.0,0.43648,0.0,0.0,0.0,0.0,0.81833,0.0,0.00811,0.0,0.0,0.0,0.07022,0.0,0.0,0.0,0.0,0.14982,0.18511,0.0,0.07501,0.0,0.11537,0.0,0.0,0.0,0.0,0.00215
0.0,0.0,0.75096,0.0,0.0,18.52462,0.11477,0.1684,0.0,0.34433,0.00254,0.0,0.0,0.15279,0.0,0.0,0.25754,0.0,0.0,0.0,0.0,0.0,0.0,0.0,0.0,0.07468,0.0,5.22104,0.49338,0.0,0.0,0.0,0.69574,0.07258,0.01674,5.82066,0.0,2.07428,2.88629,0.0,0.64028,0.0,4.40522,0.59796,0.0,0.0,0.0,0.78103,0.0,0.0,0.0,0.0,0.0,0.0,0.0,0.0,0.0,0.0,0.0,0.0,0.0903,0.0,0.0,3.02624,0.0,0.0,0.0,0.22616,0.0,0.0,0.0,0.11409,0.01352,0.0,0.0,0,0.7678,1.47401,0.0222,0.0,0.0,0.63339,0.0,0.0,0.0,0.0,0.0,0.0,0.0,0.0,0.0,0.0,0.0,0.03903,1.26872,0.0,0.0,0.48677,0.05126,0.0,0.0,0.0,0.0,0.19979,0.04848,0.0,0.0,0.0,0.0,0.0,0.0,0.0,0.03204,0.0,0.0,0.0,0.0,0.24944,0.0,0.0,0.0,0.0,0.0,0.0,0.0,0.05154,0.0,0.0,0.01553,0.0,0.0,0.13245,0.0,0.0,0.0,0.0,0.0,0.0,0.01104,0.0,0.0,0.0,0.0,0.0,12.58882,0.0,0.0,0.12538,0.0,0.0,0.56884,0.0,0.0,0.0,0.0,0.0,0.0,0.0,0.11745,0.0,0.0,0.0,0.0,0.01228,0.0,0.0,0.95332,0.0,0.0,0.0,0.0,0.0,0.0,0.0,0.01513,0.03089,0.02497,0.0,0.0,0.0,0.0,22.12203,0.0,0.55558,0.0,0.0,0.0,0.24918,0.0,0.0,0.17063,0.0,0.0,0.0,0.0,0.0,0.0,0.0,0.0,0.0,0.24916,0.0,0.79867,0.0,0.02309,0.0,0.0,0.0,0.0,0.0
0.0,0.0,0.1374,0.0,0.0,0.0,0.0,0.0,0.0,0.0,0.0,0.0,0.0,0.25847,0.0,0.0,0.03277,0.0,0.0,0.0,0.0,0.0,0.0,0.0,0.0,0.03938,0.0,0.03905,0.0,0.0,0.0,0.0,0.0,0.0,0.11969,0.0,0.0,0.0,0.0,0.0,0.0,0.0,0.0,0.0,0.0,0.0,0.0,10.4167,0.0,0.85273,0.0,0.0,0.0,0.0,0.0,0.0,0.0,0.0,0.0,0.0,0.0,0.0,0.0,0.00527,31.00748,0.0,0.0,0.28275,2.60681,0.0,0.0,0.00492,0.0,0.0,0.0,1,6.22469,4.25119,7.84627,0.0,0.0,0.0,0.0,0.0,0.0,0.0,0.0,0.0,0.0,0.0,0.0,0.0,0.0,0.0,1.21896,0.0,0.30374,0.0,0.10203,0.0,0.0,0.0,0.0,0.0,0.0,0.0,0.0,0.0,0.0,0.0,0.0,0.00495,0.9894,0.0,0.0,0.0,0.0,0.0,0.04903,0.0,0.0,0.0,0.0,0.0,0.0,0.0,0.0,0.0,0.0,0.0,0.0,0.0,0.0,0.0,0.0,0.0,0.0,0.0,0.0,0.0,0.0,0.0,0.0,0.0,0.0,0.0,0.0,0.0,0.0,0.0,0.0,0.0,0.0,0.11307,0.0,0.0,0.0,0.0,0.0,0.0,0.0,0.0,0.0,0.0,0.0,0.0,0.14305,0.0,0.0,0.0,0.0,0.0,0.0,0.0,0.0,0.0,0.0,0.0,0.0,0.0,0.0,0.0,0.0,0.0,0.0,0.0,0.0,0.0,0.0,0.0,0.01544,0.0,0.0,0.0,0.0,0.0,0.0,0.0,0.0,0.0,0.0,0.0,0.0,0.0,0.0,0.0,0.0,0.0,0.0,0.0
0.0,0.0,0.0,0.0,0.0,0.0,0.0,0.0,0.0,0.0,1.26338,0.0,0.0,0.0,0.0,0.1343,0.0,0.0,0.08615,0.0,0.0,2.97546,0.0,0.0,0.0,3.4433,0.0,0.57449,0.0,1.41849,0.0,0.1426,0.0,0.0,2.34919,0.0,0.0,0.0,0.0,0.0,0.0,0.0,0.0,0.0,0.0,0.0,0.0,0.0,0.0,7.51529,0.0,0.0,0.0,0.0,0.10405,0.0,0.0,0.0,0.0,0.0,0.0,0.0,0.0,0.0,11.71961,0.0,0.22277,0.0,0.0,0.0,0.0,0.18873,0.0,0.0,0.0,1,0.0,0.0,0.77648,0.0,4.28077,0.18475,0.0,0.00497,0.0,1.52573,0.04085,0.36369,0.19166,0.0,0.0,0.0,0.0,3.2732,2.80298,0.0,0.0,0.0,1.1111,3.01518,0.0,0.0,0.0,1.43841,0.0,0.0,0.0,0.0,0.0,0.0,0.0,0.0,0.08411,0.0,0.0,0.0,0.0,0.00618,0.0,0.0,0.0,0.0,0.25123,0.02226,0.0,0.0,0.0,0.0,0.0,0.0,0.0,0.0,0.0,0.0,0.0,0.0,1.12668,0.0,0.0,0.0,0.0,0.0,0.0,0.0,0.0,0.0,0.0,0.0,0.0,0.0,0.0,0.0,1.03468,0.0,0.0,0.0,0.0,0.0,0.0,0.0,0.0,0.0,0.0,0.0,0.0,0.0,19.66014,0.0,0.0,0.0,0.0,0.0,0.0,0.0,0.0,0.0,0.0,0.0,0.0,0.0,0.0,0.0,0.0,3.15409,0.0,0.0,0.0,0.0,0.11824,0.0,0.0,0.0,0.0,0.0,0.0,0.0,0.0,0.0,0.0,0.0,0.0,0.0,0.0,0.0,0.0,0.0,0.0,0.0,0.0,0.0
0.0,0.0,0.0,0.0,0.0,0.0,0.0,0.0,0.0,0.0,0.0,0.0,0.0,0.0,0.0,0.0,0.0,0.0,0.0,0.0,0.0,0.0,0.0,0.0,0.0,0.03828,0.0,0.0,0.0,0.0,0.0,0.0,0.0,0.0,0.12265,0.0,0.0,0.0,0.0,0.0,0.0,0.0,0.0,0.0,0.0,0.0,0.0,0.0,0.0,0.68421,0.0,0.0,0.0,0.0,0.0763,0.0,0.0,0.0,0.24871,0.0,0.0,0.0,0.0,0.0,37.5676,0.0,0.0,0.0,0.84053,0.0,0.0,0.0,0.0,0.0,0.0,1,0.0,0.0,1.48471,0.0,3.97262,0.21282,0.0,0.0,0.0,0.0,0.0,0.0,0.0,0.0,0.0,0.0,0.0,0.61993,0.08138,0.0,0.0,0.0,0.0,2.28789,0.0,0.0,0.0,0.01243,0.0,0.0,0.0,0.0,0.0,0.0,0.0,0.0,0.18133,0.0,0.0,0.0,0.0,0.0,4.33129,0.0,0.0,0.0,0.0,0.0,0.0,0.0,0.0,0.0,0.0,0.0,0.0,0.0,0.0,0.0,0.0,0.0,0.0,0.0,0.0,0.0,0.0,0.0,0.0,0.0,0.0,0.0,0.0,0.0,0.0,0.0,0.0,0.0,0.0,0.0,0.0,0.0,0.0,0.0,0.0,0.0,0.0,0.0,0.0,0.0,0.0,0.0,0.16756,0.0,0.0,0.0,0.0,0.0,0.0,0.0,0.0,0.0,0.0,0.0,0.0,0.0,0.0,0.0,0.0,0.66078,0.0,0.0,0.0,0.0,0.37078,0.0,0.0,0.0,0.0,0.0,0.0,0.0,0.0,0.0,0.0,0.0,0.0,0.0,0.0,0.0,0.0,0.0,0.0,0.0,0.0,0.0
0.0,0.0,0.0,0.0,0.0,0.0,0.0,0.0,0.0,0.0,0.0,0.0,0.0,0.0,0.0,0.0,0.0,0.0,0.0,0.0,0.0,0.01242,0.0,0.0,0.0,0.01286,0.0,0.02736,0.0,0.0,0.0,0.0,0.0,0.0,0.03627,0.0,0.0,0.0,0.0,0.0,0.0,0.0,0.0,0.0,0.0,0.0,0.0,0.0,0.0,4.90391,0.0,0.0,0.0,0.0,0.07465,0.0,0.0,0.0,0.0,0.0,0.0,0.0,0.0,0.0,49.52048,0.0,0.0,0.0,1.30554,0.0,0.0,0.0,0.0,0.0,0.0,1,0.0,0.0,1.43134,0.0,2.06585,0.02071,0.0,0.0,0.0,0.0,0.0,0.0,0.0,0.0,0.0,0.0,0.0,1.53396,0.04371,0.0,0.0,0.0,0.0,3.46863,0.0,0.0,0.0,0.08471,0.0,0.0,0.0,0.0,0.0,0.0,0.0,0.0,0.17684,0.0,0.0,0.0,0.0,0.0,3.71418,0.0,0.0,0.0,0.0,0.0,0.0,0.0,0.0,0.0,0.0,0.0,0.0,0.0,0.0,0.0,0.0,0.0,0.0,0.0,0.0,0.0,0.0,0.0,0.0,0.0,0.0,0.0,0.0,0.0,0.0,0.0,0.0,0.0,0.0,0.0,0.0,0.0,0.0,0.0,0.0,0.0,0.0,0.0,0.0,0.0,0.0,0.0,0.26285,0.0,0.0,0.0,0.0,0.0,0.0,0.0,0.0,0.0,0.0,0.0,0.0,0.0,0.0,0.0,0.0,0.7,0.0,0.0,0.0,0.0,2.19326,0.0,0.0,0.0,0.0,0.0,0.0,0.0,0.0,0.0,0.0,0.0,0.0,0.0,0.0,0.0,0.0,0.0,0.0,0.0,0.0,0.0
0.0,0.0,1.10541,0.0,0.0,0.0,0.0,0.0,0.0,0.0,0.0,0.0,0.0,0.0,0.0,0.0,0.0,0.0,0.0,0.0,0.0,0.0,0.0,0.0,0.0,0.0,0.0,0.0,0.0,0.0,0.0,0.0,0.0,0.0,0.0,0.0,0.0,0.74535,0.0,0.0,0.0,0.0,0.0,0.0,0.0,0.0,0.0,0.0,0.0,5.51193,0.0,0.0,0.0,0.0,0.1684,0.0,0.0,0.0,0.0,0.0,0.0,0.0,0.0,0.0,39.0949,0.0,0.0,0.0,9.33114,0.0,0.0,0.0,0.42142,0.0,0.0,1,0.0,0.0,2.21994,0.0,3.44078,1.28752,0.0,0.0,0.0,0.0,0.0,0.12766,0.0,0.0,0.0,0.0,0.0,1.02541,8.89233,0.0,0.0,0.0,0.53145,0.0,0.0,0.0,0.0,0.0,1.90724,0.0,0.0,0.0,0.0,0.0,0.0,0.0,1.01965,0.0,0.0,0.0,0.0,0.0,0.0,0.0,0.0,0.0,0.0,0.0,0.0,0.0,0.0,0.0,0.0,0.0,0.0,0.0,0.0,0.0,0.0,0.0,0.0,0.0,0.0,0.0,0.0,0.0,0.0,0.0,0.0,0.0,0.0,0.0,0.0,0.0,0.0,0.0,0.0,0.0,0.0,0.0,0.0,0.0,0.0,0.0,0.0,0.0,0.0,0.0,0.0,0.0,0.0,0.0,0.0,0.0,0.0,0.0,0.0,0.0,0.0,0.0,0.0,0.0,0.0,0.0,0.0,0.0,0.0,4.55239,0.0,0.0,0.0,0.0,0.0,0.0,0.0,0.0,0.0,0.0,0.0,0.0,0.0,0.0,0.0,0.0,0.01769,0.0,0.91151,0.0,0.0,0.0,0.0,0.0,0.0,0.0
0.0,0.0,0.98172,1.44979,0.0,0.0,0.0,0.0,0.0,0.0,0.0,0.0,0.0,0.0,0.0,0.0,9.28306,0.0,0.0,0.0,0.0,0.0,0.0,0.0,0.0,0.0,0.0,0.45681,0.0,0.0,0.0,0.0,0.0,0.0,0.0,0.0,0.0,0.0,0.0,0.0,0.0,0.0,6.38361,2.24377,0.0,0.0,0.0,0.0,0.0,16.66713,0.0,0.0,0.0,0.0,0.0,0.0,0.0,0.0,0.0,0.0,0.0,0.0,0.0,1.99946,0.0,0.0,0.0,0.0,0.0,0.0,0.0,0.0,0.0,0.0,0.0,1,6.28926,0.0,0.41566,0.0,0.0,0.11174,0.0,0.0,0.0,0.0,0.0,0.0,0.0,0.0,0.0,0.0,0.0,0.0,0.0,0.0,4.26821,0.0,6.02928,0.0,0.0,0.0,0.0,0.01703,13.44983,0.0,0.0,0.0,0.0,0.03422,0.0,0.06535,0.18245,0.0,0.48558,0.0,0.0,0.0,0.11537,0.0,0.0,0.0,0.0,0.0,0.0,0.04763,0.0,0.0,0.0,0.0,0.0,0.0,0.0,0.0,0.0,0.0,0.0,0.0,0.0,0.0,0.0,0.0,0.0,0.0,0.0,0.0,0.0,0.0,0.0,0.0,0.0,0.0,0.0,0.0,0.0,0.0,0.0,0.0,0.0,0.26586,0.0,0.0,0.0,0.0,0.0,0.0,0.13127,0.0,0.0,0.0,0.0,0.0,0.0,0.0,0.0,0.0,0.00964,0.36067,0.07442,0.0,0.0,0.0,0.0,0.0,0.0,0.0,0.0,0.0,0.27971,0.0,0.0,0.0,0.0,0.0,0.06003,0.0,0.0,0.0,0.0,0.21682,0.56903,0.0,0.0,0.0,0.0,0.0,0.0,0.10677,0.0,0.0
0.0,0.0,2.73473,0.55448,0.0,0.0,0.0,0.0,0.0,0.07663,0.0,0.0,0.0,3.35303,0.0,0.0,4.5048,0.0,0.0,0.0,0.0,0.0,0.0,0.0,0.0,0.0,0.0,0.0,0.0,0.0,0.01307,0.0,0.03924,0.0,0.0,6.97349,0.0,0.00839,4.14147,0.0,0.0,0.0,3.92932,0.0,0.0,0.0,0.30729,1.05395,0.0,0.36357,0.0,0.0,0.0,0.0,0.006,0.0,0.0,0.0,0.0,0.0,0.0,0.0,0.0,6.15195,1.41292,0.0,0.0,0.0,0.0,3.01952,0.0,0.0,0.39864,0.0,0.0,0,1.72685,3.26524,0.40969,0.0,0.0,0.0,0.0,0.0,0.0,0.0,0.0,0.0,0.0,0.0,0.0,0.0,0.0,0.0,0.0,0.0,0.37291,0.72856,0.56061,0.0,0.0,0.0,0.0,0.0,1.01577,0.0,0.0,0.0,0.0,0.0,0.0,0.17481,0.88293,0.0,0.0,0.0,0.0,0.0,0.17697,0.0,0.0,0.0,0.0,0.0,0.0,0.0,0.0,0.0,0.0,0.0,0.0,0.0,0.0,0.0,0.0,0.0,0.0,0.0,0.0,0.0,0.0,0.0,0.0,0.0,0.0,0.0,0.0,0.0,0.0,0.0,0.0,0.0,0.0,0.0,0.0,0.0,0.0,0.0,0.0,0.0,0.0,0.0,0.0,0.0,0.0,0.0,0.0,0.0,0.0,0.0,0.0,0.0,0.0,0.0,0.0,0.17255,0.78551,0.0,0.0,0.0,0.0,26.55441,0.0,0.53814,0.0,0.0,0.0,0.0,0.05666,0.0,0.0,0.0,0.0,0.0,0.0,0.0,0.0,0.0,0.0,0.0514,0.1122,0.0,0.0,0.0,0.38691,0.0,0.0,0.0,0.0,0.0
0.0,0.0,0.25813,0.0,0.0,0.52602,1.29684,0.0,0.0,0.0,0.02476,0.0,0.0,1.58948,0.0,0.0,0.69532,0.0,0.0,0.0,0.0,0.26643,0.0,0.0,0.0,0.0,0.0,0.0,4.0463,0.0,0.0,0.34253,0.82772,0.11192,0.66434,0.0,0.0,0.0,0.0,0.0,0.0,0.0,7.55635,0.0,0.0,0.0,0.0,0.08347,0.0,15.3798,0.0,0.0,0.0,0.0,0.05744,0.0,0.0,0.0,0.0,0.0,0.0,0.0,0.0,7.81515,0.0,0.02422,0.0,0.0,1.12627,0.0,0.0,0.0,1.10883,0.0,0.0,1,1.5665,10.85324,1.39455,0.0,0.0,0.0,0.0,0.0,0.0,0.03192,0.0,0.0,0.0,0.0,0.0,0.0,0.0,0.0,0.0264,0.0,0.0,0.0,0.70872,0.0,0.0,0.0,0.0,0.0,0.09082,0.0,0.0,0.0,0.0,0.0,0.0,0.1767,0.50613,0.0,0.0,0.0,0.0,0.0,0.0,0.0,0.0,0.0,0.0,0.0,0.0,0.0,0.0,0.0,0.0,0.0,0.0,0.0,0.0,0.0,0.0,0.0,0.0,0.0,0.0,0.0,0.0,0.0,0.0,0.0,0.0,0.0,1.10901,0.09517,0.0,0.0,0.1933,0.0,0.0,0.0,0.0,0.0,0.0,0.0,0.0,0.0,0.0,0.0,0.0,0.0,0.0,0.0,0.55533,0.31112,0.0,0.0,0.0,0.0,0.0,0.0,0.0,0.0,0.0,0.0,0.0,0.0,0.0,0.0,0.0,0.20753,0.0,0.0,0.0,0.0,0.0,0.0,0.0,0.0,0.0,0.0,0.0,0.0,0.0,0.0,0.0,0.0,0.71374,0.0,0.0,0.0,0.0,0.0,0.0,0.0,0.0,0.0
0.0,0.0,0.15925,0.13841,0.0,0.0,0.0,0.0,0.0,0.0,0.0,0.0,0.0,8.43288,0.0,0.0,0.86291,0.0,0.0,0.0,0.0,0.0,0.0,0.0,0.0,0.0,0.0,0.0,0.0,0.0,0.0,0.0,0.0,0.0,0.0,0.0,0.0,0.0,0.0,0.0,0.0,0.0,0.15272,0.0,0.0,0.0,0.0,0.0,0.0,8.77426,0.0,0.0,0.0,0.01815,0.33106,0.0,0.0,0.0,0.0,0.0,0.0,0.0,0.0,4.961,3.91006,0.0,0.0,0.00542,0.0,0.0,0.0,0.0,0.0,0.0,0.0,1,9.63123,15.30313,2.22501,0.0,0.01782,0.0168,0.0,0.0,0.0,0.0,0.0,0.0,0.0,0.0,0.0,0.0,0.0,0.0,0.0,0.02269,0.07549,0.0,0.00365,0.0,0.0,0.0,0.0,0.0,0.30827,0.0,0.0,0.0,0.0,0.0,0.0,0.00396,0.41352,0.0,0.0,0.0,0.0,0.0,0.0,0.0,0.0,0.0,0.0,0.0,0.0,0.0,0.0,0.0,0.0,0.0,0.0,1.80572,0.0,0.0,0.0,0.0,0.0,0.0,0.0,0.0,0.0,0.0,0.0,0.0,0.0,0.0,0.0,0.0,0.0,0.0,0.0,0.0,0.0,0.0,0.0,0.0,0.0,0.0,0.0,0.0,0.0,0.0,0.0,0.0,0.0,0.0,0.03748,0.0,0.0,0.0,0.0,0.0,0.0,0.0,0.0,0.0,0.0,0.0,0.0,0.0,0.0,0.0,0.0,0.6589,0.0,0.0,0.01135,0.0,0.0,0.0,0.0,0.0,0.0,0.0,0.0,0.0,0.0,0.0,0.0,0.0,0.02852,0.0,0.0,0.0,0.0,0.0,0.0,0.0,0.0,0.0
0.0,0.0,0.38814,0.36506,0.0,0.0,0.0,0.0,0.0,0.0,0.0,0.0,0.0,8.83045,0.0,0.0,0.5626,0.0,0.0,0.0,0.0,0.00974,0.0,0.0,0.0,0.0,0.0,0.0,0.04193,0.0,0.0,0.02855,0.0226,0.0,0.03819,0.0,0.0,0.0,0.0,0.0,0.0,0.0,0.06418,0.0,0.0,0.0,0.0,0.0,0.0,8.66575,0.0,0.0,0.0,0.0,0.16977,0.0,0.0,0.0,0.0,0.0,0.0,0.0,0.0,1.82079,8.42488,0.0,0.0,0.0,0.0,0.0,0.0,0.0,0.0,0.0,0.0,1,10.13113,9.34565,1.55654,0.0,0.05001,0.0,0.0,0.0,0.0,0.0,0.0,0.0,0.0,0.0,0.0,0.0,0.0,0.0,0.0,0.0,0.07737,0.0,0.14534,0.0,0.0,0.0,0.0,0.0,0.27084,0.0,0.0,0.0,0.0,0.0,0.0,0.0,0.38006,0.0,0.0,0.0,0.0,0.0,0.0,0.0,0.0,0.0,0.0,0.0,0.0,0.0,0.0,0.0,0.0,0.0,0.0,0.01096,0.0,0.0,0.0,0.0,0.0,0.0,0.0,0.0,0.0,0.0,0.0,0.0,0.0,0.0,0.09443,0.08178,0.0,0.0,0.08295,0.0,0.0,0.0,0.0,0.0,0.0,0.0,0.0,0.0,0.0,0.0,0.0,0.0,0.0,0.0,0.58496,0.0,0.0,0.0,0.0,0.0,0.0,0.0,0.0,0.0,0.0,0.0,0.0,0.0,0.0,0.0,0.0,0.75309,0.0,0.0,0.00593,0.0,0.0,0.0,0.0,0.0,0.0,0.0,0.0,0.0,0.0,0.0,0.0,0.0,0.0,0.0,0.0,0.0,0.0,0.0,0.0,0.0,0.0,0.0
0.0,0.0,0.59069,0.45318,0.0,0.0,0.0,0.0,0.0,0.0,0.0,0.0,0.0,17.30128,0.0,0.0,1.32894,0.0,0.0,0.0,0.0,0.00113,0.0,0.0,0.0,0.0,0.0,0.0,0.0,0.0,0.0,0.00423,0.0,0.0,0.04486,0.0,0.0,0.0,0.0,0.0,0.0,0.0,0.19266,0.0,0.0,0.0,0.0,0.0,0.0,12.29955,0.0,0.0,0.0,0.0,0.19161,0.0,0.0,0.0,0.0,0.0,0.0,0.0,0.0,3.12235,10.64238,0.0,0.0,0.00657,0.0,0.0,0.0,0.0,0.0,0.0,0.0,1,10.53072,11.51619,2.7482,0.0,0.0,0.0,0.0,0.0,0.0,0.0,0.0,0.0,0.0,0.0,0.0,0.0,0.0,0.0,0.0,0.02499,0.01584,0.0,0.04277,0.0,0.0,0.0,0.0,0.01295,0.24312,0.0,0.0,0.0,0.0,0.0,0.0,0.0,0.6719,0.0,0.0,0.0,0.0,0.0,0.0,0.0,0.0,0.0,0.0,0.0,0.0,0.0,0.0,0.0,0.0,0.0,0.0,0.14415,0.0,0.0,0.0,0.0,0.0,0.0,0.0,0.0,0.0,0.0,0.0,0.0,0.0,0.0,0.03936,0.01703,0.0,0.0,0.03257,0.0,0.0,0.0,0.0,0.0,0.0,0.0,0.0,0.0,0.0,0.0,0.0,0.0,0.0,0.0,0.23969,0.0,0.0,0.0,0.0,0.0,0.0,0.0,0.0,0.0,0.0,0.0,0.0,0.0,0.0,0.0,0.0,1.86555,0.0,0.0,0.03349,0.0,0.0,0.0,0.0,0.0,0.0,0.0,0.0,0.0,0.0,0.0,0.0,0.0,0.0,0.0,0.0,0.0,0.0,0.0,0.0,0.0,0.0,0.0
0.0,0.0,0.21593,0.10989,0.0,0.0,0.11018,0.0,0.0,0.0,0.11191,0.0,0.0,2.12614,0.0,0.0,1.76685,0.0,0.01453,0.0,0.0,1.69179,0.0,0.0,0.0,0.0,0.0,0.0,2.32581,0.0,0.0,2.86557,18.38055,1.59103,0.78695,0.0,0.0,0.0,0.0,0.0,0.0,0.0,2.03851,0.0,0.0,0.0,0.0,0.61989,0.0,0.63419,0.0,0.0,0.0,0.0,0.0,0.0,0.0,0.0,0.0,0.0,0.0,0.0,0.0,3.48416,0.46086,0.0,0.14452,0.00404,1.29013,0.0,0.0,0.0,3.08856,0.0,0.0,1,4.61605,8.5534,0.22079,0.0,0.15652,0.00217,0.0,0.0,0.0,0.02791,0.0,0.0,0.0,0.0,0.0,0.0,0.0,0.0,0.09972,0.0,0.26601,0.0,9.05996,0.0,0.0,0.0,0.0,0.01287,1.43552,0.0,0.0,0.0,0.0,0.0,0.0,0.35868,0.084,0.0,0.0,0.0,0.0,0.0,0.0,0.0,0.0,0.0,0.0,0.0,0.0,0.08831,0.0155,0.0,0.0,0.0,0.0,0.0,0.0,0.0,0.0,0.0,0.0,0.0,0.0,0.0,0.0,0.0,0.0,0.0,0.0,0.0,1.19901,1.00041,0.03985,0.0,0.476,0.0,0.0,0.0,0.0,0.0,0.0,0.0,0.0,0.0,0.0,0.0,0.0,0.0,0.0,0.0,4.88925,0.0,0.0,0.0,0.0,0.0,0.0,0.0,0.0,1.32993,0.0,0.0,0.0,0.0,0.0,0.0,0.0,0.20336,0.0,0.0,0.0,0.0,0.0,0.0,0.0,0.0,0.0,0.0,0.0,0.0,0.0,0.0,0.0,0.03112,0.05562,0.0,0.0,0.0,0.0,0.0,0.0,0.0,0.0,0.0
0.0,0.0,0.03489,0.00274,0.0,0.0,0.01816,0.0,0.0,0.0,0.0,0.04693,5.2347,0.0,0.0,0.0,2.42302,0.0,0.0,0.0,0.0,0.0,0.0,0.0,0.0,0.0,0.0,0.0638,0.0,0.0,0.0,0.0,0.0,0.0,0.0,0.0,0.0,0.0,38.28192,0.0,0.0,0.0,0.3899,0.00876,0.0,0.0,0.0,0.0,3.33065,13.17654,0.00379,0.0,0.0,0.0,0.0,0.0,0.0,0.04003,0.0,0.0,0.0,0.0,0.0,0.0,0.0,0.0,0.0,0.0,0.0,0.0,0.0,0.0,0.0,0.0,0.0,1,3.20208,0.0,2.84066,0.0,0.58839,0.0,0.0,0.0,0.0,0.0,0.0,0.0,0.0,0.0,0.0,0.0,0.0,0.04031,0.41021,0.0,0.0,0.0,0.03334,0.0,0.0,0.0,0.0,0.03733,0.0,0.0,0.0,0.0,0.0,0.78604,0.0,0.0,0.41363,0.0,0.0,0.0,0.06127,0.0,0.0,0.0,0.0,0.0,0.0,0.0,0.0,0.0,0.0,0.0,0.0,0.0,0.0,0.0,0.00324,0.0,0.0,0.0,0.0,0.0,0.0,0.0,0.0,0.0,0.0,0.0,0.0,0.0,0.00113,0.01764,0.0,0.0,0.0,0.0,0.0,0.0,0.0,0.0,0.0,0.0,2.10133,0.0,0.0,0.0,0.0,0.0,0.0,0.0,0.10642,0.0,0.0,0.0,0.0,0.0,0.0,0.0,0.0,0.0,0.0,0.0,0.0,0.0,0.0,0.0,0.0,1.28242,0.0,0.0,0.0,0.05873,2.08203,0.0,0.0,0.0,0.0,0.0,0.0,0.0,0.0,0.003,0.0,0.0,0.0036,0.0,0.0,0.0,0.0,0.0,0.0,0.0,0.0,0.0
0.0,0.0,0.0873,0.0318,0.0,0.0,0.00765,0.0,0.0,0.0,0.0,0.0165,2.37801,0.0,0.0,0.0,20.10602,0.0,0.0,0.0,0.0,0.0,0.0,0.0,0.0,0.0,0.0,0.08144,0.0,0.0,0.0,0.0,0.0,0.0,0.0,0.0,0.0,0.0,31.53794,0.0,0.0,0.0,0.4106,0.48702,0.0,0.0,0.0,0.0,8.54741,9.45539,0.0,0.0,0.0,0.0,0.0,0.0,0.0,0.0,0.0,0.0,0.0,0.0,0.0,0.0,0.0,0.0,0.0,0.0,0.0,0.0,0.0,0.0,0.0,0.0,0.0,1,1.7521,0.0,2.15968,0.0,1.74117,0.13562,0.0,0.0,0.0,0.0,0.0,0.0,0.0,0.0,0.0,0.0,0.0,0.0,0.0,0.0,0.0,0.0,0.13072,0.0,0.0,0.0,0.0,0.02657,0.0,0.0,0.0,0.0,0.0,0.0,0.0,0.0,0.50236,0.0,0.0,0.0,0.04772,0.0,0.0,0.0,0.0,0.0,0.0,0.0,0.0,0.0,0.0,0.0,0.0,0.0,0.0,0.0,0.01025,0.0,0.0,0.0,0.0,0.0,0.0,0.0,0.0,0.0,0.0,0.0,0.0,0.0,0.0,0.03873,0.0,0.0,0.0,0.0,0.0,0.0,0.0,0.0,0.0,0.0,0.13095,0.0,0.0,0.0,0.0,0.0,0.0,0.0,0.18524,0.0,0.0,0.0,0.0,0.0,0.0,0.0,0.0,0.0,0.0,0.0,0.0,0.0,0.0,0.0,0.0,0.87107,0.0,0.0,0.0,0.0,3.49129,0.0,0.0,0.0,0.0,0.0,0.0,0.0,0.0,0.0,0.0,0.00802,0.0,0.0,0.0,0.0,0.0,0.0,0.0,0.0,0.0,0.0
0.0,0.0,0.0478,0.0569,0.0,0.0,0.01071,0.0,0.0,0.0,0.0,0.0566,1.71089,0.0,0.0,0.0,3.84468,0.0,0.0,0.0,0.0,0.0,0.0,0.0,0.0,0.0,0.0,0.15597,0.0,0.0,0.0,0.0,0.01465,0.01975,0.0,0.0,0.0,0.0,31.74896,0.0,0.0,0.0,0.64358,0.42727,0.0,0.0,0.0,0.0,3.19143,32.64331,0.02434,0.0,0.0,0.0,0.0,0.0,0.0,0.00976,0.0,0.0,0.0,0.0,0.0,0.0,0.0,0.0,0.0,0.0,0.0,0.0,0.0,0.0,0.0,0.0,0.0,1,4.92167,0.0,1.1853,0.0,1.69342,0.02605,0.0,0.0,0.0,0.0,0.0,0.0,0.0,0.0,0.0,0.0,0.0,0.02222,0.0,0.0,0.0,0.0,0.00316,0.0,0.0,0.0,0.0,0.0273,0.0,0.0,0.0,0.0,0.0,0.0,0.0,0.0,0.26338,0.0,0.0,0.0,0.0288,0.0,0.0,0.00962,0.0,0.0,0.0,0.0,0.0,0.0,0.0,0.0,0.0,0.0,0.0,0.0,0.00414,0.0,0.0,0.0,0.0,0.0,0.0,0.0,0.0,0.0,0.0,0.0,0.0,0.0,0.03387,0.0625,0.0,0.0,0.0,0.0,0.0,0.0,0.0,0.0,0.0,0.0,0.00147,0.0,0.0,0.0,0.0,0.0,0.0,0.0,0.23542,0.0,0.0,0.0,0.0,0.0,0.0,0.0,0.0,0.0,0.0,0.0,0.0,0.0,0.0,0.0,0.0,0.66401,0.0,0.0,0.00293,0.0,0.2808,0.0,0.0,0.0,0.0,0.0,0.0,0.0,0.0,0.0,0.01532,0.17312,0.0049,0.0,0.0072,0.0,0.0,0.0,0.0,0.0,0.0,0.0
0.0,0.0,0.14745,0.04404,0.0,0.0,0.06087,0.0,0.0,0.0,0.0,0.0,0.40386,0.0,0.0,0.0,0.43537,0.0,0.0,0.0,0.0,0.0,0.0,0.0,0.0,0.0,0.0,0.05183,0.0,0.0,0.0,0.0,0.11169,0.09291,0.0,0.0,0.0,0.0,29.3172,0.0,0.0,0.0,4.84149,7.74974,0.0,0.0,0.0,0.0,0.70879,16.14896,0.0,0.0,0.0,0.0,0.0,0.0,0.0,0.05305,0.0,0.0,0.0,0.0,0.0,0.0,0.0,0.0,0.0,0.0,0.0,0.0,0.0,0.0,0.0,0.0,0.06988,1,0.45903,0.0,2.18755,0.0,1.5096,0.20673,0.0,0.0,0.0,0.0205,0.0,0.13947,0.00202,0.0,0.0,0.0,0.0,0.78982,0.57562,0.0,0.0,0.0,0.26815,0.0,0.0,0.0,0.0,0.9079,0.0,0.0,0.0,0.0,0.0,0.01814,0.0,0.0,0.58796,0.0,0.0,0.0,0.14807,0.0,0.0,0.0,0.0,0.0,0.1395,0.0,0.05129,0.0,0.0,0.0,0.0,0.0,0.0,0.0,0.0,0.0,0.0,0.0,0.0,0.0,0.0,0.0,0.0,0.0,0.0,0.0,0.0,0.68836,0.0,0.02931,0.0,0.0,0.0,0.0,0.0,0.05948,0.0,0.0,0.0,0.0,0.44454,0.0,0.0,0.0,0.0,0.0,0.0,0.0,0.09488,0.0,0.0,0.0,0.0,0.0,0.0,0.0,0.0,0.0,0.0,0.0,0.0,0.0,0.0,0.0,0.0,1.31409,0.0,0.0,0.0,0.0,1.0918,0.0,0.0,0.0,0.0,0.0,0.02719,0.0,0.0,0.0,0.0,0.1033,0.10679,0.0,0.0,0.0,0.0,0.0,0.01632,0.0,0.0,0.0
0.0,0.0,0.20342,0.25118,0.0,0.0,0.0,0.0,0.0,0.0,0.0,0.0,0.0,1.9738,0.0,0.0,0.56797,0.0,0.0,0.0,0.0,0.0,0.0,0.0,0.0,0.0,0.0,0.0,0.0,0.0,0.0,0.0,0.0,0.0,0.0,46.52801,0.0,0.0,2.40765,0.0,0.0,0.30084,8.2937,0.20957,0.0,0.0,0.0,0.5155,0.0,0.32967,0.0,0.0,0.39145,0.0,0.0,0.0,0.0,0.0,0.0,0.0,0.03985,0.0,0.0,4.87118,0.0,0.0,0.0,0.17887,0.98653,1.55143,0.0,0.0,0.0,0.0,0.0,0,0.27547,2.94149,0.13552,0.0,0.0,0.0,0.0,0.0,0.0,0.0,0.0,0.0,0.0,0.0,0.0,0.0,0.0,0.0,0.0,0.0,0.19474,0.45213,1.81847,0.0,0.0,0.0,0.0,0.0,3.05516,0.0,0.0,0.0,0.0,0.0,0.0,0.608,0.05539,0.0,0.0,0.0,0.0,0.0,0.54887,0.0,0.0,0.0,0.0,0.0,0.0,0.0,0.0,0.0,0.0,0.0,0.0,0.0,0.0,0.0,0.0,0.0,0.0,0.0,0.0,0.0,0.0,0.0,0.0,0.0,0.0,0.09292,0.0,0.0,0.0,0.0,0.0,0.0,0.0,0.0,0.0,0.0,0.0,0.0,0.0,0.0,0.0,0.0,0.0,0.0,0.0,0.0,0.00112,0.0,0.0,0.0,0.0,0.0,0.0,0.0,0.0,1.86575,0.01281,0.05457,0.0,0.0,0.00088,10.30629,0.0,0.03397,0.0,0.0,0.0,0.0,0.02986,0.0,0.0,0.0,0.0,0.0,0.0,0.0,0.0,0.37588,0.0,0.00338,0.57128,0.0,0.00773,0.0,0.01821,0.0,0.0,0.0,0.0,0.0
0.0,0.0,0.69636,0.00141,0.0,0.0,0.02673,0.0,0.0,0.0,0.0,0.0961,1.08213,0.15991,0.0,0.01064,3.46598,0.0,0.03559,0.0,0.0,0.0,0.0,0.0,0.0,0.0,0.0,0.00941,0.0,0.0,0.0,0.0,0.23607,0.06859,0.0,0.0,0.0,0.0,15.26901,0.0,0.0,0.0,30.10417,11.55315,0.0,0.0,0.0,0.0,0.62792,3.3386,0.0,0.0,0.0,0.0,0.0,0.0,0.0,0.0,0.0,0.0,0.0,0.0,0.0,0.0,0.0,0.0,0.0,0.0,0.0,0.0,0.0,0.0,0.7944,0.0,0.01521,1,1.97551,0.02781,3.52725,0.0,2.50626,0.48428,0.0,0.0,0.0,0.23134,0.0,0.03457,0.15816,0.0,0.0,0.0,0.0,1.3519,0.0,0.0,0.0,0.0,0.35996,0.0,0.0,0.0,0.28601,0.25248,0.0,0.0,0.0,0.0,0.0,0.03945,0.0,0.0,1.45144,0.0,0.0,0.0,0.27009,0.0,0.0366,0.0,0.0,0.0,0.0,0.0,0.0,0.0,0.0,0.0,0.0,0.0,0.0,0.0,0.00905,0.0,0.0,0.0,0.0,0.0,0.0,0.0,0.0,0.0,0.0,0.0,0.0,1.40485,0.0,0.03503,0.0,0.0,0.0,0.0,0.00363,0.0,0.0,0.0,0.00364,0.13324,2.57699,0.0,0.0,0.0,0.0,0.0,0.0,0.0,0.14457,0.0,0.0,0.0,0.0,0.0,0.0,0.0,0.0,0.0,0.0,0.0,0.0,0.0,0.0,0.0,0.0,1.36693,0.0,0.0,0.0,0.0,2.48828,0.0,0.0,0.0,0.0,0.0,0.13352,0.0,0.0,0.0,0.0,0.0375,0.2328,0.0,0.38783,0.0,0.0005,0.0,0.0,0.0,0.0,0.0
0.0,0.0,0.0,0.01904,0.0,0.0,0.0,0.0,0.0,0.0,0.0,0.0,0.0,0.0,0.0,0.0,0.97044,0.0,0.0,0.0,0.0,0.0,0.0,0.0,0.0,0.0,0.0,18.14026,0.0,0.0,0.0,9.24572,0.0,0.0,0.0,0.0,0.0,0.0,0.0,0.0,0.0,0.07506,0.26283,1.63772,0.0,0.0,0.0,0.21329,0.0,0.06963,0.0,0.0,0.0,0.0,0.0,0.0,0.0,0.0,0.0,0.0,0.0,0.0,0.0,0.0,0.0,0.0,0.0,0.0,1.41711,0.0,0.0,0.0,0.31356,0.0,0.0,1,0.59844,7.43569,2.80737,0.0,0.0,0.87296,0.0,0.0,0.0,0.0,0.0,1.0659,0.0,0.06392,0.00436,0.0,0.0,0.70133,0.42401,0.0,0.32825,0.0,0.81172,0.0,0.0,0.0,5.50291,0.46417,0.0606,0.0,0.0,0.0,0.0,0.00755,0.0,0.0,0.1697,0.0,0.00441,0.0,0.0,1.18413,0.18893,0.0,0.0,0.0,0.96261,0.05142,1.84215,0.0,0.0,0.04069,0.0,0.0,0.0,0.0,0.0,0.0,0.0,0.0,0.0,0.0,0.0,0.0,0.0,0.0,0.0,0.0,0.0,0.0,0.0,0.0,0.0,0.0,0.0,0.0,0.0,0.0,0.0,0.38959,0.0,9.0597,0.0,0.0,0.0,0.0,0.0,0.0,0.0,0.0,0.0,0.0,0.0,0.0,0.0,0.0,0.0,0.5871,0.0,0.0,0.0,0.0,0.0,0.0,0.0,0.0,0.0,0.20425,0.0,0.0,0.0,0.0,0.0,0.0,0.0,0.0,0.0,0.0,0.0,0.0,0.0,0.0,0.01611,0.09858,0.05361,0.0,0.0,0.03687,0.0,0.0,0.0,0.0,0.04043,0.25342
0.0,0.0,0.0,0.06352,0.0,0.0,0.0,0.0,0.0,0.0,0.0,0.0,0.0,0.0,0.0,0.0,1.06774,0.0,0.0,0.0,0.0,0.0,0.0,0.0,0.0,0.0,0.0,5.96196,0.0,0.0,0.0,2.21735,0.0,0.0,0.0,0.0,0.0,0.0,0.0,0.0,0.0,0.0,0.41881,0.81511,0.0,0.0,0.0,0.10805,0.0,0.06271,0.0,0.0,0.0,0.0,0.0,0.0,0.0,0.0,0.0,0.0,0.0,0.0,0.0,0.0,0.0,0.0,0.0,0.0,3.50135,0.0,0.0,0.0,0.35942,0.0,0.0,1,2.76397,13.18664,9.67283,0.0,0.0,1.86601,0.0,0.0,0.0,0.0,0.0,3.57934,0.0,0.0,0.0,0.0,0.0,0.0,0.66888,0.0,2.62352,0.0,0.31381,0.0,0.0,0.0,0.12373,1.26527,2.5983,0.0,0.0,0.0,0.0,0.0,0.0,0.0,0.75727,0.0,0.0,0.0,0.0,0.0204,0.19761,0.0,0.0,0.0,2.53396,0.37264,4.35641,0.0,0.0,0.0,0.0,0.0,0.0,0.0,0.0,0.0,0.0,0.0,0.0,0.0,0.0,0.0,0.0,0.0,0.0,0.0,0.0,0.0,0.0,0.0,0.0,0.0,0.0,0.0,0.0,0.0,0.0,0.0,0.0,0.03676,0.0,0.0,0.0,0.0,0.0,0.0,0.0,0.0,0.0,0.0,0.0,0.0,0.0,0.0,0.0,0.26651,0.0,0.0,0.0,0.0,0.34575,0.0,0.0,0.0,0.0,1.45205,0.0,0.0,0.0,0.0,0.0,0.0,0.0,0.0,0.0,0.0,0.0,0.0,0.0,0.0,0.0,0.0,0.0,0.0,0.0,0.0,0.0,0.0,0.0,0.0,0.0,0.0
0.0,0.0,0.0,0.03934,0.0,0.0,0.0,0.0,0.0,0.0,0.0,0.0,0.0,0.0,0.0,0.0,6.32299,0.0,0.0,0.0,0.0,0.0,0.0,0.0,0.0,0.0,0.0,0.03429,0.0,0.0,0.0,0.0044,0.0,0.0,0.0,0.0,0.0,0.0,0.0,0.0,0.0,0.0,3.82737,20.57733,0.0,0.0,0.0,6.88006,0.0,0.26794,0.0,0.0,0.0,0.0,0.0,0.0,0.0,0.0,0.0,0.0,0.0,0.0,0.0,0.0,0.0,0.0,0.0,0.0,11.80654,0.0,0.0,0.0,0.0,0.0,0.0,1,0.86658,20.25224,5.62224,0.0,0.0,0.00696,0.0,0.0,0.0,0.0,0.0,0.0,0.0,0.06227,0.0,0.0,0.0,0.0094,0.37638,0.0,0.72656,0.0,0.0,0.0,0.0,0.0,0.0,0.0,1.16434,0.0,0.0,0.0,0.0,0.0,0.0,0.0,0.48249,0.0,0.0,0.0,0.0,0.0,0.0,0.0,0.0,0.0,0.26458,0.01234,0.27376,0.0,0.0,0.0,0.0,0.0,0.0,0.0,0.0,0.0,0.0,0.0,0.0,0.0,0.0,0.0,0.0,0.0,0.0,0.0,0.0,0.0,0.0,0.0,0.0,0.0,0.0,0.0,0.0,0.0,0.0,0.0,0.0,0.0,0.0,0.0,0.0,0.0,0.0,0.0,0.0,0.0,0.0,0.0,0.0,0.0,0.0,0.0,0.0,0.0,0.0,0.0,0.0,0.0,0.0,0.0,0.0,0.0,0.0,0.70946,0.0,0.0,0.0,0.0,0.0,0.0,0.0,0.0,0.0,0.0,0.0,0.0,0.0,0.0,0.0,0.0,0.0,0.0,0.0,0.0,0.0,0.0,0.0,0.0,0.0,0.0
0.0,0.0,0.0,0.0,0.0,0.0,0.0,0.0,0.0,0.0,0.0,0.0,0.0,0.0,0.0,0.0,30.82331,0.0,0.0,0.0,0.0,0.0,0.0,0.0,0.0,0.0,0.0,0.12067,0.0,0.0,0.0,0.00494,0.0,0.0,0.0,0.0,0.0,0.0,0.0,0.0,0.0,0.0,0.54731,1.99108,0.0,1.48212,0.0,1.48085,0.0,0.03348,0.0,0.0,0.0,0.0,0.0,0.0,0.0,0.0,0.0,0.0,0.0,0.03283,0.0,0.0,0.0,0.0,0.0,0.0,0.46427,0.0,0.0,0.0,0.0,0.0,0.0,1,1.42155,18.34298,1.89974,0.0,0.0,0.86005,0.0,0.0,0.0,0.0,0.0,0.0,0.0,0.0381,29.89586,0.0,0.0,0.14996,0.02784,0.0,0.0,0.0,0.0,0.0,0.0,0.0,0.0,0.0,0.37217,0.0,0.0,0.0,0.0,0.0,0.0,0.0,0.15609,0.0,0.0,0.0,0.0,0.0,0.0,0.0,0.0,0.0,0.0,0.0,0.03148,0.0,0.0,0.0,0.0,0.0,0.0,0.0,0.0,0.0,0.0,0.0,0.0,0.0,0.0,0.0,0.0,0.0,0.0,0.0,0.0,0.0,0.0,0.0,0.0,0.0,0.0,0.0,0.0,0.0,0.0,0.0,0.0,0.0,0.0,0.0,0.0,0.0,0.0,0.0,0.0,0.0,0.0,0.0,0.0,0.0,0.0,0.0,0.0,0.0,0.0,0.0,0.0,0.0,0.0,0.0,0.0,0.0,0.0,1.04903,0.0,0.0,0.0,0.0,0.0,0.0,0.0,0.0,0.0,0.0,0.0,0.0,0.0,0.0,0.0,0.0,0.0,0.0,0.0,0.0,0.0,0.0,0.0,0.0,0.0,0.0
0.0,0.0,0.0,1.02531,0.0,0.0,0.0,0.0,0.0,0.0,0.0,0.0,0.0,0.0,0.0,0.0,4.2981,0.0,0.03759,0.0,0.0,0.0,0.0,0.0,0.0,0.0,0.0,11.20468,0.12922,0.0,0.0,10.23002,0.0,0.0,0.0,0.0,0.0,0.0,0.0,0.0,0.0,0.0067,5.9005,8.9994,0.0,0.0,0.0,0.94823,0.34886,0.22326,0.0,0.0,0.0,0.0,0.0,0.0,0.0,0.0,0.0,0.0,0.0,0.0,0.0,0.0,0.0,0.0,0.0,0.0,4.30918,0.0,0.0,0.0,0.88648,0.0,0.16336,1,1.74495,6.26936,1.69054,0.0,0.0,0.88681,0.0,0.0,0.0,0.0,0.01161,0.97726,0.0,0.0,0.0,0.0,0.0,0.02961,0.90392,0.0,0.46895,0.0,7.30682,0.0,0.0,0.0,0.0949,2.47063,4.18775,0.0,0.01051,0.0,0.0,0.0,0.0,0.0,0.14412,0.0,0.70935,0.0,0.0,0.31844,0.1572,0.0,0.0,0.0,0.0,0.0,0.0,0.0,0.0,0.0,0.0,0.0,0.0,0.0,0.0,0.0,0.0,0.0,0.0,0.0,0.0,0.0,0.0,0.0,0.0,0.0,0.0,0.0,0.0,0.0,0.0,0.0,0.0,0.0,0.0,0.0,0.0,0.0,0.0,0.01168,0.0,0.0,0.0,0.0,0.0,0.0,0.0,0.0,5.61613,0.0,0.0,0.0,0.0,0.0,0.0,0.0,0.0,0.45372,0.0,1.41728,0.17335,0.0,3.90872,0.0,0.0,0.69995,0.0,0.0,0.0,0.0,0.0,0.0,0.0,0.0,0.0,0.0,0.0471,0.0,0.01746,0.0,0.05034,0.28801,1.44199,0.0384,0.72042,0.0,0.0,0.0,0.0,0.1678,0.97585,0.37116
0.0,0.0,0.74918,0.0893,0.0,3.13879,0.0,0.0,0.0,0.0,0.0,0.00969,0.0,1.74721,0.0,0.0,3.85699,0.0,0.0,0.0,0.0,0.0,0.0,0.0,0.00105,0.0,0.0,0.2591,0.0,0.0,0.0,0.20687,0.0,0.0,0.0,0.0,0.0,0.20588,0.0,0.0,0.0,0.0,12.3969,17.07824,0.0,0.0,0.0,2.77918,0.0,0.11394,0.0,0.0,0.0,0.0,0.0,0.0,0.0,0.0,0.0,0.0,0.0,0.0,0.0,0.0,0.0,0.0,0.0,0.01736,2.22256,0.133,0.0,0.0,0.05122,0.0,0.0,0,0.73195,1.55456,0.01495,0.0,0.0,0.01102,0.0,0.0,0.0,0.0,0.0,0.00736,0.0,0.0,0.0,0.0,0.0,0.0,0.0681,0.0,0.03597,0.09318,0.27475,0.0,0.0,9.34347,0.0,0.0249,0.31121,0.0,0.0,0.0,0.0,0.0,0.0,0.02111,0.49031,0.0,0.0,0.0,0.0,0.0,0.0,0.0,0.0,0.0,0.0,0.0,0.0,0.0,0.0,0.0,0.0,0.0,0.0,0.0,0.0,0.0,0.0,0.0,0.0,0.0,0.0,0.0,0.0,0.0,0.0,0.0,12.66759,0.62727,0.0,0.0,0.0,0.0,0.0,0.0,0.0,0.0294,0.0,0.0,0.0,0.0,0.0,0.0,0.0,0.0,0.0,0.0,0.0,0.0,0.12615,0.0,0.0,0.0,0.0,0.0,0.0,0.0,0.0,0.18626,0.04413,0.04666,0.0,0.0,0.1805,14.68321,0.0,0.08277,0.0,0.0,0.0,0.0,0.0,0.0,0.0,0.0,0.0,0.0,0.0,0.0,0.0,0.0,0.0,0.04976,0.08952,0.0,0.39821,0.0,0.00091,0.0,0.0,0.0,0.00856,0.0
0.0,0.03755,0.0,0.0,0.0,0.0,0.0,0.0,0.0,0.0,0.0,0.0,0.0,0.0,0.0,0.0,0.0,0.0,0.0,0.0,0.0,0.0,0.0,0.0,0.0,0.0,0.0,8.30298,0.0,0.0,0.0,0.42454,0.0,0.0,0.0,0.0,0.0,0.0,0.0,0.0,0.0,0.0,3.42597,0.0,0.0,0.0,0.0,0.0,0.0,0.0,0.0,0.0,0.0,0.0,0.0,0.0,0.17797,0.05837,0.0,0.0,0.0,0.0,0.0,0.0,0.0,0.0,0.0,0.0,0.0,0.0,0.0,0.0,0.0,0.0,0.0,1,0.0,0.0,0.0,0.0,0.0,0.0,0.0,0.0,0.0,0.0,0.0,0.0,0.0,0.0,61.88936,0.0,0.0,2.79779,0.04322,0.0,0.0,0.0,0.0,0.0,0.0,0.0,0.0,0.0,0.0,0.0,0.0,0.0,0.0,0.0,0.0,0.0,0.0,0.0,0.0,0.0,0.0,0.0,0.0,0.0,0.0,0.0,0.65996,0.1805,0.13813,0.0,0.0,0.0,0.0,0.0,0.0,18.18212,0.0,0.0,0.0,0.0,0.0,0.0,0.0,0.0,0.0,0.0,0.0,0.0,0.0,0.0,0.0,0.0,0.0,0.0,0.0,0.0,0.0,0.0,0.0,0.0,0.0,0.0,0.0,0.0,0.0,0.0,0.0,0.0,0.0,0.0,2.09336,0.0,0.0,0.0,0.0,0.0,0.0,0.0,0.0,0.0,0.0,0.0,0.0,0.0,0.0,0.0,0.0,0.0,0.0,0.0,0.01309,0.0,0.0,0.0,0.0,0.0,0.0,0.0,0.0,0.0,0.0,0.0,0.0,0.29112,0.3626,0.0,0.0,0.0,0.0,0.0,0.0,0.0,0.0,0.33882
0.0,0.0,0.0,0.0,0.0,0.0,0.0,0.0,0.0,0.0,0.0,0.0,0.0,0.0,0.0,0.0,0.0,0.0,0.0,0.0,0.0,0.0,0.0,0.0,0.0,0.0,0.0,22.19251,0.0,0.0,0.0,0.21155,0.0,0.0,0.0,0.0,0.0,0.0,0.0,0.0,0.0,0.0,0.0,0.0,0.0,0.0,0.0,0.0,0.0,0.0,0.0,0.0,0.0,0.0,0.0,0.0,0.74292,0.0,0.0,0.0,0.0,0.0,0.0,0.0,0.0,0.0,0.0,0.0,0.0,0.0,0.0,0.0,0.0,0.0,0.0,1,0.0,0.0,0.0,0.0,0.0,0.0,0.0,0.0,0.0,0.0,0.0,0.0,0.0,0.0,5.74942,0.0,0.0,0.66926,1.57664,0.0,0.0,0.0,0.0,0.0,0.0,0.0,0.0,0.0,0.0,0.0,0.0,0.0,0.0,0.0,0.0,0.0,0.0,0.0,0.0,0.0,0.0,0.0,0.0,0.0,0.0,0.0,0.0,0.0,0.0,0.0,0.0,0.0,0.0,0.0,0.0,3.38766,0.0,0.0,0.0,0.0,0.0,0.0,0.0,0.0,0.0,0.0,0.0,0.0,0.0,0.0,0.0,0.0,0.0,0.0,0.0,0.0,0.0,0.0,0.0,0.0,0.0,0.0,0.0,0.0,0.0,0.0,0.0,0.0,0.0,0.0,65.24819,0.0,0.0,0.0,0.0,0.0,0.0,0.0,0.0,0.0,0.0,0.0,0.0,0.0,0.0,0.0,0.0,0.0,0.0,0.0,0.0,0.0,0.0,0.0,0.0,0.0,0.0,0.0,0.0,0.0,0.0,0.0,0.0,0.0,0.0,0.0,0.0,0.0,0.0,0.0,0.0,0.0,0.0,0.0
0.0,0.0,0.0,0.0,0.0,0.0,0.0,0.0,0.0,0.0,0.0,0.0,0.0,0.0,0.0,0.0,0.0,0.0,0.0,0.0,0.0,0.0,0.0,0.0,0.0,0.0,0.0,35.47107,0.0,0.0,0.0,6.75555,0.0,0.0,0.0,0.0,0.0,0.0,0.0,0.0,0.0,0.0,0.50554,0.0,0.0,0.0,0.0,0.0,0.0,0.0,0.0,0.0,0.0,0.0,0.0,0.0,0.0,0.0,0.0,0.0,0.0,0.0,0.0,0.0,0.0,0.0,0.0,0.0,0.0,0.0,0.0,0.0,0.0,0.0,0.0,1,0.0,0.0,0.0,0.0,0.0,0.0,0.0,0.0,0.0,0.0,0.0,0.0,0.0,0.0,26.85141,0.0,0.0,2.32393,4.00958,0.0,0.0,0.0,0.0,0.0,0.0,0.0,0.0,0.0,0.0,0.0,0.0,0.0,0.0,0.0,0.0,0.0,0.0,0.0,0.0,0.0,0.0,0.0,0.0,0.0,0.0,0.0,0.0,0.0,0.0,0.0,0.0,0.0,0.0,0.0,0.0,12.72613,0.0,0.0,0.0,0.0,0.0,0.0,0.0,0.0,0.0,0.0,0.0,0.0,0.0,0.0,0.0,0.0,0.0,0.0,0.0,0.0,0.0,0.0,0.0,0.0,0.0,0.0,0.0,0.0,0.0,0.0,0.0,0.0,0.0,0.0,11.28176,0.0,0.0,0.0,0.0,0.0,0.0,0.0,0.0,0.0,0.0,0.0,0.0,0.0,0.0,0.0,0.0,0.0,0.0,0.0,0.0,0.0,0.0,0.0,0.0,0.0,0.0,0.0,0.0,0.0,0.0,0.0,0.0,0.0,0.0,0.0,0.0,0.0,0.0,0.0,0.0,0.0,0.0,0.0
0.0,0.0,0.0,0.29544,0.0,0.0,0.0,0.0,0.0,0.0,0.0,0.0,0.0,2.5168,0.00123,0.0,2.19266,0.0,0.0,0.0,0.0,0.0,0.0,0.0,0.0,0.0,0.0,0.0,0.0,0.0,0.0,0.0,0.00208,0.0,0.0,0.0,0.0,0.01309,0.0,0.0,0.0,0.21618,26.10065,0.0,0.0,0.0,0.0,0.0,0.96855,9.90592,0.0,0.0,0.0,0.0,0.0,0.0,0.0,0.0,0.0,0.0,0.0,0.0,0.0,35.68468,0.00165,0.0,0.0,0.0,1.4925,0.0,0.0,0.0,0.48256,0.0,0.0,1,1.97755,5.89297,1.63882,0.0,0.0,0.0,0.00129,0.0,0.0,0.0,0.0,0.0,0.0,0.0,0.0,0.01049,0.0,0.09845,0.10287,0.0,0.0,0.0,0.0,0.0,0.0,0.0,0.0,0.00662,2.34342,0.0,0.0,0.0,0.0,0.02436,0.00225,0.0,0.29331,0.0,0.0,0.0,0.0,0.0,0.25472,0.0,0.0,0.0,0.0,0.0,0.0,0.00368,0.0,0.0,0.02935,0.0,0.0,0.0,0.05157,0.0,0.0,0.0,0.0,0.0,0.0,0.0,0.0,0.0,0.0,0.0,0.0,0.0,0.0,0.0,0.0,0.0,0.0,0.0,0.0,0.0,0.0,0.00516,0.0,0.0,0.0,0.0,0.0,0.0,0.0,0.0,0.0,0.0,0.0,0.0,0.0,0.0,0.0,0.0,0.0,0.0,0.0,0.0,0.0,0.0,0.0,0.0,0.0,0.0,0.0,1.15688,0.0,0.0,0.00186,0.00561,0.0,0.0,0.00609,0.0,0.0,0.0,0.0,0.0,0.0,0.07337,0.0,0.37858,2.0087,0.00607,0.6598,0.0,0.0,0.0,0.0,0.0,0.0,0.0
0.00678,0.0,0.95138,0.36888,0.0,0.18392,0.00422,0.0,0.0108,0.24932,0.0,0.0,0.0,2.74514,0.0,0.0,1.69719,0.0,0.0,0.0,0.0,0.08823,0.0,0.0,0.0,0.0,0.0,0.05157,0.0,0.01198,0.0,0.0,0.1849,0.0,0.0,0.0,0.0,0.0,5.42801,0.0,0.02405,0.31907,1.08003,0.0,0.0,0.0,0.0,3.74431,0.0,0.4805,0.0,0.0,0.0,0.0,0.0,0.0,0.0,0.0,0.0,0.0,0.0,0.0,0.0,4.56239,0.0,0.0,0.0,0.08218,5.74374,1.30014,0.0,0.0,0.26874,0.0,0.0,0,0.729,4.3065,0.23014,0.0,0.0,0.0,0.0,0.0,0.0,0.0,0.0,0.0,0.0,0.0,0.0,0.0,0.0,0.0,0.0,0.0,0.75561,0.0,0.7824,0.0,0.0,0.0,0.0,0.0,1.55891,0.0,0.0,0.0,0.0,0.0,0.0,0.03598,0.11215,0.0,0.0,0.0,0.0,0.0,0.0,0.0,0.0,0.0,0.0,0.0,0.0,0.0,0.0175,0.0,0.0,0.0,0.24192,0.0,0.00526,0.00782,0.0,0.0,0.0,0.0,1.48718,0.0,0.24072,0.00616,0.0,0.0,0.0,0.10792,0.00077,0.0,0.0,0.0,0.02273,0.0,0.0,0.0,0.0,0.0,0.0,0.0,0.0,0.0,0.0,0.0,0.0,0.0,0.0,0.0,0.19501,0.0,0.0,0.0,0.0,0.0,0.0,0.0,0.0,0.10253,0.0,0.01351,0.08732,0.00429,0.08078,25.17955,0.04368,0.0871,0.0,0.02695,0.0,0.0,0.0,1.9296,0.0,0.0,0.0,0.0,0.31772,0.0,0.0,0.24105,0.03417,2.0821,9.23857,0.24212,0.0244,0.49402,0.0,0.0,0.0,0.0,0.0,0.0
2.63439,0.0,0.60127,0.69946,0.0,0.0,0.23057,0.0,0.0,0.52201,0.0,0.0,0.0,2.72131,0.0,0.0,1.96728,0.0,0.0,0.0,0.0,0.86212,0.0,0.0,0.0,0.1337,0.0,0.0,0.0,0.10517,0.0,0.0,1.19376,0.38658,0.76527,31.62883,0.0,0.0,1.746,0.0,0.34684,0.0,6.35652,0.14839,0.04308,0.0,0.02649,0.66249,0.0,0.22472,0.0,0.0,0.0,0.0,0.02146,0.0,0.0,0.0,0.0,0.0,0.01456,0.0,0.0,5.54916,0.00569,0.0,0.0,0.0251,2.51461,0.4332,0.0,0.0,0.43814,0.0,0.0,0,1.99324,0.0,0.03926,0.0,0.0,0.0,0.0,0.0,0.00096,0.00942,0.0,0.0,0.0,0.0,0.0,0.0,0.0,0.0,0.0,0.0,0.07737,0.0,2.79683,0.0,0.0,0.0,0.0,0.0,0.79717,0.0,0.0,0.0,0.0,0.0,0.0,0.20786,0.19986,0.0,0.0,0.0,0.0,0.0,0.1984,0.0,0.0,0.0,0.0,0.0,0.0,0.0,0.0296,0.0,0.0,0.0,0.0,0.0,0.0,0.0,0.0,0.0,0.0,0.0,0.0,0.0,0.0,0.0,0.0,0.09292,0.0,1.07401,0.01912,0.19367,0.0,0.0,0.59598,0.0,0.0,0.0,0.0,0.0,0.0,0.0,0.0,0.0,0.0,0.0,0.07026,0.02667,0.0,0.0,1.7959,0.0,0.0,0.0,0.0,0.0,0.0,0.0,0.0,1.29831,0.00924,0.14491,0.01043,0.0,1.72609,20.27055,0.17181,0.2734,0.0,0.0,0.0,0.0,0.0,0.20531,0.0,0.0,0.0,0.0,0.0,0.0,0.0,0.0,0.0,0.0227,0.37446,0.0,0.0,0.0,0.0,0.0,0.0,0.0,0.0,0.04235
0.0,0.0,1.10576,0.44167,0.0,0.0969,0.0,0.0,0.0,0.01337,0.0,0.00089,0.0,1.41421,0.0,0.0,1.60579,0.0,0.0,0.0,0.0,0.0,0.0,0.0,0.0,0.0,0.0,0.0,0.0,0.0,0.0,0.0,1.18628,0.0,0.0,3.12243,0.0,0.0881,0.0,0.0,0.0,3.13706,5.00199,0.0,0.0,0.0,0.0,0.74996,0.0,0.24913,0.0,0.00378,0.0,0.0,0.0,0.0,0.0,0.0,0.0,0.0,0.17059,0.00195,0.0,2.17182,0.0,0.0,0.0,0.24458,3.51461,0.0,0.0,0.0,0.0,0.05518,0.0,0,1.62055,4.94721,0.00171,0.0,0.0,0.0,0.0,0.0,0.0,0.0,0.0,0.0,0.0,0.0,0.0,0.0,0.0,0.00441,0.0,0.0,0.341,0.31067,8.46756,0.0,0.0,0.0,0.0,0.01092,1.53675,0.0,0.0,0.0,0.0,0.0,0.0,1.44426,0.11735,0.0,0.0,0.41907,0.01403,0.0,0.17158,0.0,0.0,0.0,0.0,0.0,0.0,0.43591,0.09425,0.0,0.0,0.03638,0.26846,0.0,0.0,0.0023,0.0,0.0,0.0,0.0,0.0,0.33672,0.42145,0.02247,0.0,0.0,0.09069,0.0,0.0,0.0,0.0,0.0,0.28034,0.0,0.04027,0.0,0.0,0.0,0.0,0.0,0.0,0.0,0.0714,0.0,0.0,0.0,0.06849,0.0,0.02096,0.0,0.0,0.0,0.0,0.0,0.0,0.35331,0.0,0.10041,0.20002,2.10292,0.93827,0.0,2.31715,22.61611,0.42497,0.15551,0.0,0.00433,0.00458,0.0,0.0,0.0,0.0,0.0,0.0,0.0,0.03839,0.0,0.0,0.02848,0.05224,3.1681,2.05754,0.11097,0.0,0.94624,0.0,0.0,0.00161,0.76494,0.37055,0.85372
0.0,0.0,0.26664,0.0,0.0,5.19918,0.0512,0.43753,0.0,0.18413,0.11542,0.0,0.0,0.12541,0.0,0.0,0.5325,0.0,0.0,0.0,0.0,1.08313,0.00612,0.0,0.0,0.0,0.0,0.20754,0.0,0.0,0.01564,0.0,0.23517,0.00568,0.12633,10.59581,0.0,0.0,9.62447,0.0,3.40893,0.46145,1.14742,0.0,0.0,0.0,0.0,0.21116,0.0,0.26903,0.0,0.0,0.0,0.0,0.0,0.0,0.0,0.0,0.0,0.0,0.0,0.0,0.0,6.41189,0.0,0.05636,0.0,0.27909,4.66906,0.0,0.0,0.11928,0.22883,0.02811,0.0,1,0.63967,4.27789,0.20763,0.0,0.0,1.89385,0.0,0.0,0.0,0.0,0.0,0.0,0.0,0.0,0.0,0.0,0.0,0.0,1.22614,0.0,0.12699,0.0,2.60925,0.0,0.0,0.0,0.0,0.0,4.00531,0.0,0.0,0.0,0.03256,0.0038,0.01103,0.18094,0.16078,0.0,0.03572,0.72654,0.0,0.00335,0.0,0.05552,0.0,0.0,0.56093,0.12681,0.1213,0.35275,0.18957,0.0633,0.0,0.0,0.5389,0.0,0.0,0.0,0.0,0.0,0.00535,0.0,0.0,0.34628,0.0,0.0,0.0,0.0,3.12233,0.0,0.00162,0.95742,1.17029,0.00992,0.0,0.0,0.0,0.0,0.0,0.0,0.0,0.0,0.00373,0.0,0.00688,0.0,0.0,0.77763,0.0,0.0,0.0,0.30905,0.00345,0.0,0.0,0.0,0.02932,0.0,0.0,0.0,0.01893,0.0,0.28608,0.03,0.19096,0.0,0.0,0.28094,0.0,0.0,0.01885,0.13266,0.0,0.0,0.0,0.0,0.2613,0.0,0.52458,0.00392,0.04394,0.28794,0.18728,3.55735,12.8862,0.13064,0.0,0.0,0.0,0.0,0.00742,0.12108,0.12624,1.26942
0.0,0.0,0.14891,0.29142,0.0,7.54536,0.0,0.0,0.0,0.04566,0.0,0.0,0.0,1.48593,0.0,0.0,2.59515,0.0,0.0,0.0,0.0,0.0,0.0,0.0,0.0,0.0,0.0,0.03036,0.0,0.0,0.0,0.0,0.0,0.0,0.01462,0.0,0.0,0.0,0.70165,0.0,0.0,0.0,0.01613,0.0,0.0,0.0,0.0,0.03179,0.0,24.12045,0.0,0.0,0.0,0.06792,0.0,0.0,0.0,0.0,0.0,0.0,0.0,0.0,0.0,14.19312,0.0,0.0,0.0,0.29401,0.0,0.0,0.0,0.0,0.0,0.0,0.0,1,5.77342,19.06007,3.59511,0.0,0.0,0.0,0.0,0.0,0.0,0.0,0.0,0.0,0.0,0.0,0.0,0.0,0.0,0.0,0.0,0.0,1.53898,0.0,0.0,0.0,0.0,0.0,0.0,0.0,2.95164,0.0,0.0,0.0,0.0,0.0,0.0,0.0,0.34449,0.0,0.0,1.10388,0.0,0.0,0.0,0.0,0.0,0.0,0.0,0.0,0.0,0.0,0.0,0.0,0.0,0.0,0.0,0.0,0.0,0.0,0.0,0.0,0.0,0.0,0.0,0.0,0.0,0.0,0.0,0.0,0.54737,0.0,0.0,0.0,0.0,0.0,0.0,0.0,0.0,0.0,0.0,0.0,0.0,0.0,0.0,0.0,0.0,0.0,0.0,0.0,0.0,0.0,0.0,0.0,0.0,0.0,0.0,0.0,0.0,0.0,0.0,0.0,0.0,0.0,0.0,0.0,0.0,0.0,0.0,1.73029,0.0,0.0,0.0,0.07192,0.0,0.0,0.0,0.0,0.0,0.0,0.17255,0.0,0.0,0.0,0.0,0.0,0.01844,0.0,0.0,0.0,0.0,0.0,0.0,0.0,0.0,0.0
0.0,0.0,0.07822,0.06393,0.0,0.0,0.0,0.0,0.0,0.0,0.0,0.0,0.0,0.78572,0.0,0.0,13.42091,0.0,0.0,0.0,0.0,0.0,0.0,0.0,0.0,0.0,0.0,0.0,0.0,0.0,0.0,0.0,0.0,0.0,0.0,0.0,0.0,0.0,0.0,0.0,0.0,0.0,0.03221,0.0,0.0,0.0,0.0,0.05147,0.0,24.1877,0.0,0.0,0.0,0.00591,0.0,0.0,0.0,0.0,0.0,0.0,0.0,0.0,0.0,7.84797,0.0,0.0,0.0,0.0,0.95728,0.0,0.0,0.0,0.0,0.0,0.0,1,7.1038,11.9499,1.3527,0.0,0.0,0.24007,0.0,0.0,0.0,0.0,0.0,0.0,0.0,0.0,0.0,0.0,0.0,0.0,0.0,0.0,0.76675,0.0,0.0,0.0,0.0,0.0,0.0,0.0,6.91351,0.0,0.0,0.0,0.0,0.0,0.0,0.04243,0.1726,0.0,0.0,3.06659,0.0,0.0,0.0,0.0,0.0,0.0,0.0,0.0,0.0,0.0,0.0,0.0,0.0,0.0,0.0,0.0,0.0,0.0,0.0,0.0,0.0,0.0,0.0,0.0,0.0,0.0,0.0,0.0,0.0,0.0,0.0,0.0,0.0,0.0,0.0,0.0,0.0,0.0,0.0,0.0,0.0,0.0,0.0,0.0,0.0,0.0,0.0,0.0,0.0,0.0,0.0,0.0,0.0,0.0,0.0,0.0,0.0,0.0,0.0,0.0,0.0,0.0,0.0,0.0,0.0,0.0,0.0,0.32217,0.0,0.0,0.0,0.11695,0.0,0.0,0.0,0.0,0.0,0.0,0.0,0.0,0.0,0.0,0.0,0.0,0.05498,0.0,0.0,0.0,0.0,0.0,0.0,0.0,0.0,0.0
0.0,0.0,0.3077,0.06051,0.0,0.0947,0.16817,0.04919,0.0,0.74246,0.20853,0.0,0.0,1.94068,0.0,0.0,1.65066,0.0,0.0,0.0,0.0,1.70457,0.13533,0.0,0.0,0.0,0.0,0.17292,0.0,0.0,1.09757,0.0,3.2309,3.30204,0.15577,0.0,0.0,0.0,0.0,0.0,0.0,0.0,4.58772,0.0,0.00396,0.0,0.0,0.18974,0.0,0.30604,0.0,0.0,0.0,0.0,0.0,0.0,0.0,0.0,0.0,0.0,0.0,0.0,0.0,7.76061,0.0,0.0,0.03255,0.21751,1.85998,0.0,0.0,0.19295,0.91819,0.0,0.0,1,1.52341,5.34343,0.07746,0.0,0.0,0.0,0.0,0.0,0.0,0.0,0.0,0.0,0.0,0.0,0.0,0.0,0.0,0.0,0.0,0.0,0.11973,0.0,9.6496,0.0,0.0,0.0,0.0,0.02195,7.59088,0.0,0.0,0.0,0.0,0.0,0.0,0.13654,0.02643,0.0,0.00994,0.22637,0.0,0.0,0.0,0.0,0.0,0.0,0.0,0.0,0.0,0.0,0.0,0.0,0.0,0.0,0.0,0.0,0.0,0.0,0.0,0.0,0.0,0.0,0.0,0.0,0.0,0.0,0.0,0.0,0.556,0.0,0.01955,0.47993,0.05114,0.00153,0.0,0.0,0.0,0.0,0.0,0.0,0.0,0.0,0.0,0.0,0.05691,0.0,0.0,4.30438,0.0,0.0,0.0,0.0,0.0,0.0,0.0,0.0,0.0,0.0,0.0,0.0,2.22345,0.0,0.23757,0.0,0.0,29.53421,0.0,0.03311,0.0,0.0,0.0,0.0,0.0,0.0,0.0,0.0,0.0,0.0,0.0,0.0,0.0,0.0,0.0,0.06934,0.57016,0.0,0.0,0.0,0.0,0.0,0.0,0.0,0.0,0.0
0.0,0.0,0.0,0.0,0.0,62.74425,0.0,0.14034,0.0,0.16223,0.0,0.0,0.0,0.1124,0.0,0.0,1.86712,0.0,0.0,0.0,0.0,0.11821,0.0,0.0,0.0,0.71538,0.0,0.0,0.0,0.0,0.0,0.0,0.97288,0.0,0.10741,1.51575,0.0,0.0,0.0,0.0,0.0,0.0,4.76133,0.0,0.0,0.0,0.0,0.1647,0.0,0.02441,0.0,0.36518,0.0,0.0,0.0,0.0,0.0,0.0,0.0,0.0,0.0,0.0,0.0,1.61213,0.0,0.0,0.0,0.0,0.0,0.0,0.05252,0.0,0.0,0.0,0.0,0,0.66602,0.33331,0.0,0.0,0.0,0.0,0.0,0.0,0.0,0.0,0.0,0.0,0.0,0.0,0.0,0.0,0.0,0.0,0.0,0.0,0.0,0.19122,0.1254,0.0,0.0,1.93452,0.0,0.0,0.0,0.0,0.0,0.0,0.0,0.0,0.0,0.13935,0.0,0.0,0.0,0.0,0.0,0.0,0.0,0.17488,0.0,0.0,0.0,0.0,0.0,0.0,0.0,0.0,0.0,0.0,0.0,0.0,0.0,0.0,0.0,0.0,0.0,0.0,0.0,0.0,0.0,0.0,0.0,0.0,6.83349,0.0,0.0,0.16845,0.15597,0.0,0.0,0.0,0.0,0.0,0.0,0.0,0.0,0.0,0.0,0.0,0.01082,0.0,0.0,0.5388,0.0,0.0,0.0,0.0,0.0,0.0,0.0,0.0,0.0,0.0,0.0,0.0,0.0,0.0,0.15335,0.0,0.0,0.0,0.0,3.5713,0.0,0.0,0.0,0.0742,0.0,0.18004,0.0,0.0,0.0,0.0,0.0,0.0,0.0,0.0,0.0,0.0,0.0,0.0,1.3752,0.0,0.0,0.0,0.0,0.0,0.0,0.0
0.87862,0.0,3.05465,0.0,0.0,0.0,0.25609,0.02186,0.0,0.49936,0.0125,0.0,0.0,5.66477,0.0,0.0,2.47365,0.0261,0.0,0.0,0.0,3.48444,0.0,0.0,0.45741,0.0,0.0,0.0,0.34098,0.0,0.04022,0.0,0.21926,0.00933,0.40795,0.0,0.0,0.0,0.0,0.0,0.0,0.0,21.20747,0.0,0.0,0.0,0.32984,1.74441,0.0,0.31519,0.0,0.0,0.0,0.0,0.29807,0.0,0.0,0.0,0.0,0.0,0.0,0.0,0.0,0.0,0.0,0.0,0.0,0.40648,6.09912,4.64234,0.0,0.0,0.0,0.0,0.0,0,1.58913,19.83479,0.05424,0.0,0.0,0.0,0.0,0.0,0.0,0.0,0.0,0.0,0.0,0.0,0.0,0.0,0.0,0.0,0.06886,0.0,0.33385,0.0,2.70607,0.0,0.0,0.0,0.0,0.0,1.07948,0.0,0.0,0.0,0.0,0.0,0.0143,1.29299,1.06115,0.0,0.0,0.60318,0.0,0.0,0.0,0.0,0.0,0.0,0.0,0.0,0.0,0.69604,0.0,0.0,0.0,0.0,0.0,0.0,0.0,0.0,0.0,0.0,0.0,0.0,0.0,0.0,0.0,0.0,0.0,0.0,0.0,0.0,0.0,0.09795,0.0,0.0,0.50285,0.0,0.0,0.0,0.0,0.0,0.0,0.0,0.0,0.0,0.0713,0.0,0.03205,0.0,0.0,0.05213,0.71467,0.0,0.0,0.0,0.0,0.0,0.0,0.0,0.0,1.97985,0.18771,0.0,0.39698,0.0,0.0,0.0,0.01017,1.29656,0.0,0.0,0.0,0.0,0.0,0.0,0.0,0.0,0.0,0.0,0.0,0.0,0.0,0.0,0.0,0.0,0.15828,0.0,0.13331,0.0,0.15559,0.0,0.0,0.0,0.0,0.0
