Corynebacterium_argentoratense,Clostridium_paraputrificum,Clostridium_disporicum,Butyricimonas_synergistica,Actinomyces_oris,Enterococcus_durans,Bifidobacterium_bifidum,Collinsella_aerofaciens,Blautia_obeum,Clostridium_butyricum,Faecalitalea_cylindroides,Bacteroides_intestinalis,Fannyhessea_vaginae,Abiotrophia_defectiva,Coprococcus_comes,Actinotignum_schaalii,Bacteroides_faecis,Enterococcus_faecalis,Christensenella_minuta,Eisenbergiella_tayi,Enterocloster_citroniae,Butyrivibrio_crossotus,Faecalicatena_orotica,Bacteroides_uniformis,Aggregatibacter_aphrophilus,Desulfovibrio_piger,Bifidobacterium_pseudocatenulatum,Adlercreutzia_equolifaciens,Citrobacter_portucalensis,Actinomyces_graevenitzii,Disease
0.0,0.0,0.0,0.0,0.0,0.0,0.00643,0.17281,0.01942,0.0,0.0,0.0,0.0,0.0,0.25901,0.0,0.0,0.0,0.0,0.0,0.0,2.43722,0.0,0.02775,0.0,0.02171,0.0,0.0,0.0,0.0,0
0.0,0.0,0.0,0.0,0.0,0.0,0.0,0.08597,0.10799,0.0,0.0,0.0,0.0,0.0,1.08953,0.0,0.0,0.0,0.00055,0.0074,0.0,0.0,0.0,14.27006,0.0,0.0,0.0,0.0119,0.0,0.0,0
0.0,0.0,0.0,0.0,0.0,0.0,0.0,0.23013,0.09026,0.0,0.0,3.35494,0.0,0.0,0.35727,0.0,0.0,0.0,0.0,0.13171,0.00164,0.0,0.0,8.7193,0.0,0.0,0.0,0.03348,0.0,0.0,0
0.0,0.0,0.05659,0.11849,0.0,0.0,0.0,0.44638,0.08964,0.0,0.0,0.0,0.0,0.0,0.32975,0.0,1.11914,0.0,0.0,0.0,0.0,0.0,0.0,2.52888,0.0,0.0,0.39154,0.03132,0.0,0.0,0
0.0,0.0,0.23832,0.0,0.0,0.0,0.0,0.35033,0.04759,0.0,0.0,0.0,0.0,0.0,0.22727,0.0,0.0,0.0,0.0,0.0,0.0,8.93257,0.0,0.14203,0.0,0.16023,0.0,0.00402,0.0,0.0,0
0.0,0.0,0.0,0.0,0.0,0.0,0.0,0.07804,0.03756,0.0,0.0,0.0,0.0,0.0,0.49685,0.0,0.0,0.0,0.0,0.0,0.0,10.81663,0.0,0.2393,0.0,0.11321,0.0,0.0,0.0,0.0,0
0.0,0.0,0.00711,0.0,0.0,0.0,0.0,1.43029,0.19652,0.0,0.0,0.0,0.0,0.0,0.54119,0.0,0.0,0.0,0.0,0.0,0.0,0.42574,0.0,6.61108,0.0,0.09587,0.0,0.00799,0.0,0.0,0
0.0,0.0,0.01149,0.0,0.0,0.0,0.0,1.03561,0.28405,0.0,0.0,0.0,0.0,0.0,0.33629,0.0,0.0,0.0,0.0,0.0,0.0031,0.0,0.0,5.31205,0.0,0.0,0.5312,0.21585,0.0,0.0,0
0.0,0.0,0.14105,0.0,0.0,0.0,0.0,0.08543,0.15968,0.0,0.0,0.0,0.0,0.0,0.39597,0.0,0.08708,0.0,0.0,0.0,0.0,0.38107,0.0,0.61234,0.0,0.0,0.0,0.0,0.0,0.0,0
0.0,0.0,0.0005,0.0,0.0,0.0,0.0,0.171,0.30159,0.0,0.0,0.0,0.0,0.0,0.40113,0.0,3.62321,0.0,0.0,0.0,0.0,0.0,0.0,17.41423,0.0,0.0,0.0,0.00311,0.0,0.0,0
0.0,0.0,0.0,0.0,0.0,0.0,0.0,0.0,0.24451,0.0,0.0,0.64468,0.0,0.0,0.76739,0.0,0.0,0.0,0.0,0.0,0.0,0.0,0.0,4.80384,0.0,0.0,0.0,0.0,0.0,0.0,0
0.0,0.0,0.0046,0.0,0.0,0.0,0.01054,0.30641,0.35889,0.0,0.01364,0.5572,0.0,0.0,0.78443,0.0,0.0,0.0,0.00284,0.13178,0.0,0.0,0.0,0.80069,0.0,0.0,0.0,0.01142,0.0,0.0,0
0.0,0.0,0.0,0.0,0.0,0.0,0.0,0.74699,0.25815,0.0,0.0,0.0,0.0,0.0,0.2072,0.0,0.0,0.0,0.03576,0.05253,0.0997,0.0,0.0,12.2701,0.0,0.67327,0.0,0.03392,0.0,0.0,0
0.0,0.07889,0.0,0.0,0.0,0.0,0.0,0.07266,0.05139,0.0,0.02174,0.0,0.0,0.0,0.29792,0.0,0.0,0.0,0.0,0.00724,0.0,0.0,0.0,10.45747,0.0,0.0,0.0,0.0,0.0,0.0,0
0.0,0.0,0.01106,0.0,0.0,0.0,0.0,0.84854,0.06696,0.0,0.0,0.0,0.0,0.0,0.38786,0.0,0.0,0.0,0.0,0.0,0.0,0.0,0.0,10.22068,0.0,0.33593,0.0,0.02777,0.0,0.0,0
0.0,0.0,0.0,0.11624,0.0,0.0,0.0,0.18435,0.22024,0.0,0.0,0.0,0.0,0.0,0.05014,0.0,0.0,0.0,0.0,0.0,0.0,0.0,0.0,15.77717,0.0,0.0,0.0,0.01674,0.0,0.0,0
0.0,0.0,0.0,0.10907,0.0,0.0,0.0,0.61564,0.11258,0.0,0.0,0.0,0.0,0.0,0.28952,0.0,0.0,0.0,0.0,0.0,0.0,0.89518,0.0,6.66812,0.0,0.0,0.25689,0.03233,0.0,0.0,0
0.0,0.0,0.83419,0.0,0.0,0.0,0.0,0.22973,0.03376,0.0,0.0,0.0,0.0,0.0,0.19709,0.0,0.0,0.0,0.0,0.0,0.0,0.0,0.0,1.22903,0.0,0.0,0.0,0.00102,0.0,0.0,0
0.0,0.0,0.0,0.0,0.0,0.0,0.0,0.30535,0.07243,0.0,0.0,0.0,0.0,0.0,0.16093,0.0,0.0,0.0,0.0,0.0,0.0,0.0,0.0,10.54938,0.0,0.0,0.02426,0.0128,0.0,0.0,0
0.0,0.0,0.0,0.0,0.0,0.0,0.02087,0.16413,0.0221,0.0,0.0,0.0,0.0,0.0,1.01718,0.0,0.0,0.0,0.0,0.0,0.01898,0.0,0.0,3.26699,0.0,0.0,0.0,0.00062,0.0,0.0,0
0.0,0.0,0.0,0.0548,0.0,0.0,0.0,0.0,0.60777,0.0,0.0,0.0288,0.0,0.0,1.10496,0.0,0.0,0.0,0.0,0.0,0.0,0.0,0.0,2.73291,0.0,0.0,0.0,0.0,0.0,0.0,0
0.0,0.0,0.0,0.81209,0.0,0.0,0.0,1.04435,0.20672,0.0,0.00881,0.36683,0.0,0.0,0.80575,0.0,0.0,0.0,0.0,0.0,0.0,0.0,0.0,0.96485,0.0,0.0,0.0,0.06149,0.0,0.0,0
0.0,0.0,0.00052,0.0,0.0,0.0,0.0,0.51155,0.05295,0.0,0.0,0.06761,0.0,0.0,0.30146,0.0,0.22675,0.0,0.0,0.0,0.0,11.74642,0.0,1.24106,0.0,0.0,0.0,0.00151,0.0,0.0,0
0.0,0.0,0.0,0.0,0.0,0.0,0.0,0.02312,0.01961,0.0,0.0,0.0,0.0,0.0,0.95277,0.0,0.0,0.0,0.0,0.0,0.0,0.0,0.0,19.33625,0.0,0.0,0.0,0.0,0.0,0.0,0
0.0,0.0,0.0,0.80845,0.0,0.0,0.0,0.23135,0.39305,0.0,0.02196,0.0,0.0,0.0,1.249,0.0,0.0,0.1544,0.0,0.0,0.0,3.77534,0.0,6.8048,0.0,0.0,0.01109,0.0,0.0,0.0,0
0.0,0.0,0.0,0.0,0.0,0.0,0.0,0.07114,0.45228,0.0,0.0,0.0,0.0,0.0,0.68635,0.0,0.0,0.0,0.0,0.0,0.0,0.0,0.0,6.78073,0.0,0.0,0.0,0.0,0.0,0.0,0
0.0,0.0,0.0,0.0,0.0,0.0,0.0,0.59828,0.25368,0.0,0.18862,0.01672,0.0,0.0,0.47992,0.0,0.04553,0.0,0.0,0.0,0.0,0.0,0.0,16.93662,0.0,0.0,0.15353,0.03752,0.0,0.0,0
0.0,0.0,0.0,0.25224,0.0,0.0,0.0,0.0,0.0,0.0,0.0,0.0,0.0,0.0,0.32303,0.0,0.0,0.0,0.0,0.0,0.0,0.0,0.0,6.47001,0.0,0.0,0.0,0.00081,0.0,0.0,0
0.0,0.0,0.0,0.0,0.0,0.0,0.0,0.0756,0.0,0.0,0.0,0.0,0.0,0.0,1.28302,0.0,0.0,0.0,0.0,0.0,0.0,11.20981,0.0,0.0,0.0,0.02248,0.0,0.0,0.0,0.0,0
0.0,0.0,0.22147,0.0,0.0,0.0,0.0,0.0515,0.11616,0.0,0.0,0.41306,0.0,0.0,0.28755,0.0,0.04218,0.0,0.0,0.0,0.0,46.28073,0.0,0.17839,0.0,0.0,0.0,0.0,0.0,0.0,0
0.0,0.0,0.509,0.0,0.0,0.0,0.0,0.00538,0.22472,0.0,0.0,0.0,0.0,0.0,0.35993,0.0,0.0,0.0,0.0,0.0,0.0,0.0,0.0,0.68058,0.0,0.0,0.0,0.0,0.0,0.0,0
0.0,0.0,0.0123,0.0,0.0,0.0,0.0,0.03743,0.15271,0.0,0.0,0.36876,0.0,0.0,0.45655,0.0,0.0,0.0,0.0,0.0,0.0,6.49184,0.0,4.23175,0.0,0.04979,0.0,0.0,0.0,0.0,0
0.0,0.0,0.0,0.0,0.0,0.0,0.0,0.0,0.03965,0.0,0.0,0.0,0.0,0.0,0.05317,0.0,0.73717,0.0,0.0,0.0,0.0,0.0,0.0,0.44249,0.0,0.0,0.0,0.0,0.0,0.0,0
0.0,0.0,0.0,0.0,0.0,0.0,0.0,0.03238,0.14535,0.0,0.0,0.0,0.0,0.0,0.14986,0.0,0.0,0.0,0.0,0.0,0.0,0.0,0.0,6.32405,0.0,0.0,0.0,0.0,0.0,0.0,0
0.0,0.0,0.0,0.0,0.0,0.0,0.0,0.0,0.34903,0.0,0.0,0.0,0.0,0.0,0.38216,0.0,0.0,0.0,0.0,0.0,0.0,0.0,0.0,0.0,0.0,0.0,0.0,0.0,0.0,0.0,0
0.0,0.0,0.0,0.0,0.0,0.0,0.0,0.0,0.02363,0.0,0.0,7.51237,0.0,0.0,0.47182,0.0,0.0,0.0,0.0,0.02502,0.0,0.0,0.0,7.73927,0.0,0.0,0.0,0.0,0.0,0.0,0
0.0,0.0,0.0,0.0,0.0,0.0,0.0,0.0,0.01509,0.0,0.0,19.46263,0.0,0.0,0.20848,0.0,0.0,0.0,0.0,0.0,0.0,0.0,0.0,3.60003,0.0,0.0,0.05566,0.0,0.0,0.0,0
0.0,0.0,0.0,0.0,0.0,0.0,0.0,0.00689,0.13328,0.0,0.0,3.01439,0.0,0.0,0.23769,0.0,0.0,0.0,0.0,0.0,0.0,0.0,0.0,5.39363,0.0,0.0,0.0,0.0,0.0,0.0,0
0.0,0.0,0.0,0.0,0.0,0.0,0.0,0.03459,0.07468,0.0,0.0,8.03471,0.0,0.0,0.62878,0.0,1.61953,0.0,0.0,0.0,0.0,4.24446,0.0,9.62066,0.0,0.0,0.0,0.0,0.0,0.0,0
0.0,0.0,0.0,0.0,0.0,0.0,0.0,0.34644,0.21346,0.0,0.0,0.0,0.0,0.0,1.12862,0.0,0.0,0.0,0.0,0.0,0.0,0.0,0.0,17.39316,0.0,0.10648,0.02052,0.00517,0.0,0.0,0
0.0,0.0,0.0,0.0,0.0,0.0,0.0,0.0,0.0376,0.0,0.0,0.0,0.0,0.0,0.43732,0.0,0.0,0.0,0.0,0.0,0.0,3.94231,0.0,6.14162,0.0,0.0,0.0,0.0,0.0,0.0,0
0.0,0.0,0.0,0.00267,0.0,0.0,0.0,0.0,0.05535,0.0,0.0,0.0,0.0,0.0,0.28033,0.0,0.0,0.0,0.0,0.0,0.0,3.3012,0.0,7.23904,0.0,0.0,0.0,0.0,0.0,0.0,0
0.0,0.0,0.0,0.0,0.0,0.0,0.0,0.01397,0.01222,0.0,0.0,0.0,0.0,0.0,0.28074,0.0,0.0,0.0,0.0,0.0,0.0,36.8034,0.0,4.70114,0.0,0.0,0.0,0.0,0.0,0.0,0
0.0,0.0,0.04472,0.0,0.0,0.0,0.0,0.00381,0.59822,0.0,0.0,0.0,0.0,0.0,0.74015,0.0,0.0,0.0,0.0,0.0,0.0,0.0,0.0,10.10542,0.0,0.0,0.0,0.0,0.0,0.0,0
0.0,0.0,0.0,0.0,0.0,0.0,0.0,0.0,0.02172,0.0,0.0,0.0,0.0,0.0,0.90053,0.0,0.0,0.0,0.0,0.0,0.0,0.0,0.0,3.27573,0.0,0.0,0.0,0.0,0.0,0.0,0
0.0,0.11325,0.0,0.02853,0.0,0.0,0.0,0.01407,0.28044,0.0,0.89865,0.0,0.0,0.0,0.16106,0.0,0.0,0.0,0.0,0.0,0.0,0.0,0.0,1.1662,0.0,0.0,0.0,0.0,0.0,0.0,0
0.0,0.0,0.0,0.0,0.0,0.0,0.0,0.02594,0.58661,0.0,0.0,0.0,0.0,0.0,0.3769,0.0,0.0,0.0,0.0,0.0,0.0,0.0,0.0,11.07968,0.0,0.0,0.0,0.0,0.0,0.0,0
0.0,0.0,0.0,0.0,0.0,0.0,0.0,0.0,0.18761,0.0,0.0,0.0,0.0,0.0,0.76236,0.0,0.0,0.0,0.0,0.0,0.0,0.0,0.0,12.65643,0.0,0.0,0.0,0.0,0.0,0.0,0
0.0,0.0,0.0,0.0,0.0,0.0,0.0,0.03644,0.48028,0.0,0.2017,0.0,0.0,0.0,0.47046,0.0,0.0,0.0,0.0,0.0,0.0,44.56183,0.0,2.04797,0.0,0.0,0.0,0.0,0.0,0.0,0
0.0,0.0,0.0,0.0,0.0,0.0,0.0,0.0,0.00837,0.0,0.0,7.13218,0.0,0.0,0.05052,0.0,0.0,0.0,0.0,0.0,0.0,0.0,0.0,8.94017,0.0,0.0,0.0,0.0,0.0,0.0,0
0.0,0.0,0.0,0.0295,0.0,0.0,0.0,0.08175,0.19726,0.0,0.10613,0.0,0.0,0.0,1.35857,0.0,0.0,0.0,0.0,0.0,0.0,4.37597,0.0,3.43954,0.0,0.20958,0.0,0.0,0.0,0.0,0
0.0,0.0,0.0,0.0,0.0,0.0,0.0,0.18309,0.35477,0.0,0.0,0.0,0.0,0.0,0.52804,0.0,0.0635,0.0,0.0,0.0,0.0,15.90999,0.0,0.08882,0.0,0.0,0.03814,0.0,0.0,0.0,0
0.0,0.0,0.0,0.2577,0.0,0.0,0.0,0.08544,0.04905,0.0,0.0,0.0,0.0,0.0,1.62763,0.0,0.0,0.0,0.0,0.0,0.0,7.44835,0.0,0.0,0.0,0.0,0.0,0.0,0.0,0.0,0
0.0,0.0,0.0,0.02971,0.0,0.0,0.0,0.07472,0.0,0.0,0.0,0.0,0.0,0.0,0.4241,0.0,0.0,0.0,0.0,0.0,0.0,15.4772,0.0,8.48321,0.0,0.0,0.0,0.0,0.0,0.0,0
0.0,0.0,0.0,0.06738,0.0,0.0,0.0,0.0,0.54218,0.0,0.0617,0.0,0.0,0.0,0.54692,0.0,0.64541,0.0,0.0,0.0,0.0,0.0,0.0,2.75499,0.0,0.02428,0.0,0.0,0.0,0.0,0
0.0,0.0,0.0,0.0,0.0,0.0,0.0,0.0213,0.04814,0.0,0.0,0.0,0.0,0.0,0.27099,0.0,0.0,0.0,0.0,0.0,0.00955,0.0,0.0,9.79758,0.0,0.0,0.0,0.0,0.0,0.0,0
0.0,0.0,0.0,0.10218,0.0,0.0,0.0,0.01504,0.3031,0.0,0.0,16.87574,0.0,0.0,0.20821,0.0,0.0,0.0,0.0,0.0,0.0,0.0,0.0,2.05368,0.0,0.0,0.04033,0.0,0.0,0.0,0
0.0,0.0,0.01032,0.00622,0.0,0.0,0.00175,0.16007,0.32064,0.0,0.0,0.0,0.0,0.0,0.49744,0.0,0.0,0.0,0.0,0.0,0.0,6.72891,0.0,3.80275,0.0,0.0,0.0,0.00688,0.0,0.0,0
0.0,0.00477,0.04009,0.0,0.0,0.0,0.0,0.0,0.41309,0.0,0.23069,0.0,0.0,0.0,1.35791,0.0,0.0,0.0,0.0,0.0,0.0,7.49945,0.0,11.80518,0.0,0.0,0.0,0.01941,0.0,0.0,0
0.0,0.0,0.0,0.0,0.0,0.0,0.0,0.03572,0.0,0.0,0.0,0.0,0.0,0.0,0.0,0.0,0.0,0.0,0.0,0.03382,0.0371,0.0,0.0,0.0,0.0,0.0,0.0,0.0,0.0,0.0,0
0.0,0.0,0.0,0.13206,0.0,0.0,0.0,0.46303,0.90055,0.0,0.0,0.0,0.00887,0.0,2.70875,0.0,0.0,0.0,0.0,0.0,0.0,0.0,0.0,0.0,0.0,0.0,0.0,0.02382,0.0,0.0,0
0.0,0.0,0.0,0.0,0.0,0.0,0.0,0.04549,0.21722,0.0,0.0,0.21658,0.0,0.0,0.41116,0.0,0.0,0.0,0.0,0.0,0.0,17.68526,0.0,1.44929,0.0,0.0,0.0,0.0,0.0,0.0,0
0.0,0.0,0.0,0.0,0.0,0.0,0.0,0.02084,0.0223,0.0,0.0,0.0,0.0,0.0,0.13038,0.0,0.0,0.0,0.0,0.0,0.0,0.0,0.0,2.26709,0.0,0.0,0.0,0.0,0.0,0.0,0
0.0,0.0,1.48134,0.0,0.0,0.0,0.0,0.0,0.03004,0.0,0.0,0.0,0.0,0.0,0.54749,0.0,0.0,0.0,0.0,0.0,0.0,7.72351,0.0,0.56863,0.0,0.0,0.0,0.0,0.0,0.0,0
0.0,0.0,0.0,0.0,0.0,0.0,0.0,0.10423,0.38744,0.0,0.0,2.24236,0.0,0.0,1.82716,0.0,0.0,0.0,0.0,0.0,0.0,0.0,0.0,12.68778,0.0,0.0,0.02839,0.0,0.0,0.0,0
0.0,0.0,0.0,0.0,0.0,0.0,0.0,0.08378,0.16186,0.0,0.0,0.0,0.0,0.0,0.33003,0.0,0.0,0.0,0.0,0.0,0.0,0.0,0.0,8.53793,0.0,0.0,0.0,0.0,0.0,0.0,0
0.0,0.0,0.0,0.0,0.0,0.0,0.0,0.05644,0.21859,0.0,0.0,0.0,0.0,0.0,0.54791,0.0,0.0,0.0,0.0,0.0,0.0,0.0,0.0,1.85083,0.0,0.0,0.0,0.0,0.0,0.0,0
0.0,0.0,0.0,0.14309,0.0,0.0,0.0,0.10453,0.03251,0.0,0.0,0.0,0.0,0.0,0.56167,0.0,0.65176,0.0,0.0,0.0,0.0,17.19485,0.0,12.09243,0.0,0.0,0.0,0.0,0.0,0.0,0
0.0,0.0,0.0,0.0,0.0,0.0,0.0,0.0,0.02153,0.0,0.0,0.0,0.0,0.0,0.18841,0.0,1.89412,0.0,0.0,0.0,0.0,45.12487,0.0,1.89594,0.0,0.0,0.0,0.0,0.0,0.0,0
0.0,0.00139,0.0,1.03517,0.0,0.0,0.0,0.0214,4.86022,0.0,0.0,0.0,0.0,0.0,1.23901,0.0,0.0,0.0,0.0,0.0,0.0,0.0,0.0,6.3627,0.0,0.0,0.0,0.0,0.0,0.0,0
0.0,0.0,0.0,0.0,0.0,0.0,0.0,0.0,0.19541,0.0,0.0,0.0,0.0,0.0,0.47477,0.0,0.0,0.0,0.0,0.0,0.0,0.0,0.0,10.98279,0.0,0.0,0.0,0.0,0.0,0.0,0
0.0,0.0,0.01107,0.0,0.0,0.0,0.0,0.09277,0.01926,0.0,0.0,0.01144,0.0,0.0,0.32414,0.0,0.0,0.0,0.0,0.0,0.0,0.0,0.0,7.31747,0.0,0.0,0.0,0.0,0.0,0.0,0
0.0,0.0,0.0,0.0,0.0,0.0,0.0,0.14391,0.0,0.0,0.0,11.86997,0.0,0.0,1.14322,0.0,0.0,0.0,0.0,0.16082,0.25678,0.0,0.0,4.09995,0.0,0.0,0.0,0.0,0.0,0.0,0
0.0,0.0,0.0,0.0,0.0,0.0,0.0,0.02697,0.1101,0.0,0.0,0.0,0.0,0.0,0.99215,0.0,0.0,0.0,0.0,0.0,0.0,44.46458,0.0,1.98105,0.0,0.0,0.0,0.0,0.0,0.0,0
0.0,0.0,0.0,0.0,0.0,0.0,0.0,0.03021,0.33991,0.0,0.0,0.0,0.0,0.0,0.68197,0.0,0.0,0.0,0.0,0.0,0.0,0.0,0.0,1.4677,0.0,0.0,0.0,0.0,0.0,0.0,0
0.0,0.0,0.0,0.04666,0.0,0.0,0.0,0.00719,0.36558,0.0,0.0,0.0,0.0,0.0,0.28682,0.0,0.0,0.0,0.0,0.0,0.0,14.76467,0.0,0.6267,0.0,0.0,0.0,0.0,0.0,0.0,0
0.0,0.0,0.0,0.0,0.0,0.0,0.0,0.03551,0.11885,0.0,0.0,0.00204,0.0,0.0,0.20067,0.0,0.0,0.0,0.0,0.0,0.0,6.57249,0.0,0.12561,0.0,0.0,0.0,0.0,0.0,0.0,0
0.0,0.0,0.0,0.0,0.0,0.0,0.0,0.07888,0.12216,0.0,0.0,0.0,0.0,0.0,0.19402,0.0,0.0,0.0,0.0,0.0,0.0,0.52039,0.0,3.14532,0.0,0.0,0.0,0.0,0.0,0.0,0
0.0,0.0,0.0,0.0,0.0,0.0,0.0,0.0,0.20901,0.0,0.1854,0.0,0.0,0.0,0.32376,0.0,0.0,0.0,0.0,0.0,0.0,27.60586,0.0,1.46449,0.0,0.0,0.0,0.0,0.0,0.0,0
0.0,0.0,0.0,0.06704,0.0,0.0,0.0,0.08853,0.32283,0.0,0.0,0.0,0.0,0.0,0.47976,0.0,0.0,0.0,0.0,0.0,0.0,0.0,0.0,8.0133,0.0,0.0,0.0,0.0,0.0,0.0,0
0.0,0.0,0.0,0.02709,0.0,0.0,0.0,0.08836,0.15834,0.0,0.0,0.0,0.0,0.0,0.35948,0.0,0.0,0.0,0.0,0.0,0.0,38.91195,0.0,1.11367,0.0,0.0,0.0,0.0,0.0,0.0,0
0.0,0.0,0.0,0.17054,0.0,0.0,0.0,0.06643,0.0858,0.0,0.0,0.0,0.0,0.0,0.81786,0.0,0.0,0.0,0.0,0.0,0.00365,0.0,0.0,6.19216,0.0,0.0,0.0,0.0,0.0,0.0,0
0.0,0.0,0.0,0.0,0.0,0.0,0.0,0.0,0.11305,0.0,0.0,0.0,0.0,0.0,0.37366,0.0,0.0,0.0,0.0,0.0,0.0,0.41779,0.0,0.66921,0.0,0.0,0.0,0.0,0.0,0.0,0
0.0,0.0,0.0,0.0,0.0,0.0,0.0,0.03229,0.03531,0.0,0.0,0.0,0.0,0.0,0.49977,0.0,0.0,0.0,0.0,0.0,0.0,0.0,0.0,8.48756,0.0,0.0,0.0,0.0,0.0,0.0,0
0.0,0.0,0.0,0.0,0.0,0.0,0.0,0.74756,0.891,0.0,0.42519,5.01841,0.0,0.0,1.7159,0.0,0.0,0.0,0.0,0.00458,0.00742,0.0,0.0,4.44554,0.0,0.0,0.52401,0.15641,0.0,0.0,0
0.0,0.0,0.0,0.0,0.0,0.0,0.0,0.0,0.0,0.0,0.0,0.0,0.0,0.0,0.18586,0.0,0.0,0.0,0.0,0.0,0.08918,0.0,0.0,34.37764,0.0,0.0,0.0,0.0,0.0,0.0,0
0.0,0.0,0.0,0.0,0.0,0.0,0.0,0.0941,0.16585,0.0,0.0,0.0,0.0,0.0,1.40317,0.0,0.0,0.0,0.0,0.0,0.01307,0.0,0.0,21.70743,0.0,0.0,0.0,0.00139,0.0,0.0,0
0.0,0.0,0.0,0.0,0.0,0.0,0.0,0.15268,0.28316,0.0,0.0,0.07109,0.0,0.0,0.23978,0.0,0.0,0.0,0.0,0.00427,0.01685,0.0,0.0,13.35273,0.0,0.0,0.0,0.01081,0.0,0.0,0
0.0,0.0,0.05747,0.02759,0.0,0.0,0.0,0.26959,0.17216,0.0,0.41922,0.0,0.0,0.0,0.47609,0.0,0.0,0.0,0.0,0.0,0.0,8.40139,0.0,13.51264,0.0,0.0,0.00082,0.00232,0.0,0.0,0
0.0,0.01977,0.0,0.01318,0.0,0.0,0.0,0.03995,0.42342,0.0,0.0,0.0,0.0,0.0,0.12434,0.0,0.61124,0.0,0.0,0.0,0.0,0.0,0.0,3.34232,0.0,0.06244,0.0,0.0,0.0,0.0,0
0.0,0.0,0.0,0.0,0.0,0.0,0.0,0.15841,0.12809,0.0,0.0,0.0,0.0,0.0,0.11617,0.0,0.0,0.0,0.0,0.00139,0.00325,0.00365,0.0,17.02573,0.0,0.01394,0.0,0.00882,0.0,0.0,0
0.0,0.0,0.0,0.0,0.0,0.0,0.0,0.03282,0.17145,0.0,0.00711,0.24171,0.0,0.0,0.35317,0.0,0.0,0.0,0.0,0.0,0.0,0.0,0.0,10.83557,0.0,0.0,0.0,0.0,0.0,0.0,0
0.0,0.0,0.0,0.0,0.0,0.0,0.0,0.0175,0.0422,0.0,0.0,0.0,0.0,0.0,0.34326,0.0,3.61149,0.0,0.0,0.0,0.0,0.0,0.0,15.97853,0.0,0.05313,0.0,0.0,0.0,0.0,0
0.0,0.0,0.0,0.0,0.0,0.0,0.0,0.04438,0.06284,0.0,0.0,0.19825,0.0,0.0,0.146,0.0,0.51257,0.0,0.0,0.0,0.00531,18.72129,0.0,1.93633,0.0,0.03588,0.0,0.0,0.0,0.0,0
0.0,0.0,0.0721,0.0,0.0,0.0,0.0,0.01742,0.11861,0.0,0.0,0.0,0.0,0.0,1.32308,0.0,0.0,0.0,0.0,0.0,0.0,14.87019,0.0,0.05491,0.0,0.0,0.0,0.0,0.0,0.0,0
0.0,0.0,0.0,0.25932,0.0,0.0,0.0,0.08086,0.04159,0.0,0.0,0.0,0.0,0.0,1.84615,0.0,4.64934,0.0,0.0,0.00186,0.0,0.00296,0.0,1.79956,0.0,0.058,0.0,0.0,0.0,0.0,0
0.0,0.0,0.0,0.0,0.0,0.0,0.0,0.075,0.04851,0.0,0.0,0.0,0.0,0.0,0.7196,0.0,0.0,0.0,0.0,0.0,0.0,23.93989,0.0,3.05755,0.0,0.0,0.0,0.00503,0.0,0.0,0
0.0,0.0,0.26126,0.0,0.0,0.0,0.0,0.02062,0.02024,0.0,0.0,0.0,0.0,0.0,0.65861,0.0,0.0,0.0,0.0,0.0,0.00337,0.0,0.0,1.8606,0.0,0.0,0.0,0.0,0.0,0.0,0
0.0,0.0,0.04347,0.00954,0.0,0.0,0.0,0.09636,0.46123,0.0,0.0,0.0,0.0,0.0,1.66017,0.0,0.0,0.0,0.0,0.0,0.0,0.00161,0.0,1.40635,0.0,0.01803,0.0,0.0,0.0,0.0,0
0.0,0.0,0.0,0.0,0.0,0.0,0.0,0.0,1.62888,0.0,0.43985,0.00117,0.0,0.0,0.31636,0.0,0.0,0.0,0.05146,4.08265,0.0,0.0,0.0,2.19417,0.0,0.0,0.0,0.00224,0.0,0.0,0
0.0,0.0,0.0,0.18435,0.0,0.0,0.0,0.10153,1.3831,0.0,0.0,0.0,0.0,0.0,1.18904,0.0,1.82726,0.0,0.0,0.0,0.0,0.0,0.0,4.00471,0.0,0.0,0.0,0.0,0.0,0.0,0
0.0,0.0,0.0,0.02103,0.0,0.0,0.0,0.04311,0.00993,0.0,0.0,0.0,0.0,0.0,0.16262,0.0,0.0,0.0,0.0,0.0,0.00118,0.0,0.0,3.27675,0.0,0.00797,0.0,0.0,0.0,0.0,0
0.0,0.0,0.0,0.0,0.0,0.0,0.0,0.4836,0.32086,0.0,0.0,0.0,0.0,0.0,0.83042,0.0,0.0,0.0,0.0,0.01293,0.0,0.0,0.0,1.59235,0.0,0.0,0.0,0.00622,0.0,0.0,0
0.0,0.0,0.02707,0.0,0.0,0.0,0.0,0.01484,0.05417,0.0,0.21591,0.0,0.0,0.0,0.36024,0.0,0.26604,0.0,0.0,0.0,0.0,0.0,0.0,0.41988,0.0,0.0,0.0,0.0,0.0,0.0,0
0.0,0.0,0.0,0.00589,0.0,0.0,0.0,0.03642,0.01769,0.0,0.0,0.0,0.0,0.0,0.20576,0.0,0.0,0.0,0.0,0.0,0.0014,0.0,0.0,2.95226,0.0,0.01942,0.0,0.00126,0.0,0.0,0
0.0,0.0,0.0,0.01444,0.0,0.0,0.00117,0.01263,0.30992,0.0,0.03591,0.0,0.0,0.0,0.31951,0.0,0.0,0.0,0.0,0.0,0.0,0.0,0.0,0.90162,0.0,0.0,0.0,0.0,0.0,0.0,0
0.0,0.0,0.0,0.0,0.0,0.0,0.0,0.02687,0.01527,0.0,0.0,0.0,0.0,0.0,0.46062,0.0,2.74024,0.0,0.0,0.0,0.00647,0.0,0.0,27.28824,0.0,0.0,0.0,0.0,0.0,0.0,0
0.0,0.0,0.0,0.55974,0.0,0.0,0.0,0.0,0.06914,0.0,0.0,0.0,0.0,0.0,0.92069,0.0,0.0,0.0,0.0,0.0,0.0,0.0,0.0,7.03252,0.0,0.0,0.0,0.01058,0.0,0.0,0
0.0,0.0,0.02703,0.0,0.0,0.0,0.0,0.25863,0.09912,0.0,0.0,0.0,0.0,0.0,0.58532,0.0,0.0,0.0,0.0,0.0,0.0013,0.0,0.0,2.78268,0.0,0.0,0.0,0.0,0.0,0.0,0
0.0,0.0,0.78436,0.03197,0.0,0.0,0.0,0.01247,0.02402,0.0,0.0,0.0,0.0,0.0,0.26305,0.0,1.08255,0.0,0.0,0.0,0.0,20.3049,0.0,6.70439,0.0,0.07599,0.0,0.0,0.0,0.0,0
0.0,0.0,0.0,0.0,0.0,0.0,0.0,0.06689,0.03791,0.0,0.0,0.0,0.0,0.0,0.43834,0.0,0.0,0.0,0.0,0.0,0.01861,0.0,0.0,6.1455,0.0,0.0,0.0,0.0,0.0,0.0,0
0.0,0.0,0.03015,0.0035,0.0,0.0,0.0,0.08145,0.04992,0.0,0.0,2.75624,0.0,0.0,0.12994,0.0,1.10715,0.0,0.0,0.0,0.0,6.59838,0.0,10.55341,0.0,0.0,0.0,0.0,0.0,0.0,0
0.0,0.0,0.01457,0.0,0.0,0.0,0.0,0.20299,0.13449,0.0,0.0,0.0,0.0,0.0,0.49681,0.0,0.0,0.0,0.0,0.00165,0.0,2.56161,0.0,5.83528,0.0,0.0,0.0,0.0,0.0,0.0,0
0.0,0.0,0.02464,0.0,0.0,0.0,0.0,0.19442,0.1487,0.0,0.0,0.0,0.0,0.0,1.65481,0.0,0.0,0.0,0.0,0.0,0.0,0.0,0.0,5.29074,0.0,0.01775,0.0,0.0,0.0,0.0,0
0.0,0.0,0.0,0.15069,0.0,0.0,0.0,1.10793,0.29012,0.0,0.0,0.0,0.0,0.0,2.35312,0.0,0.0,0.0,0.0,0.0,0.0,0.0,0.0,1.70832,0.0,0.0,0.0,0.00692,0.0,0.0,0
0.0,0.0,0.0,0.06456,0.0,0.0,0.0,0.15907,0.01728,0.0,0.0,0.0,0.0,0.0,0.22897,0.0,0.0,0.0,0.0,0.0,0.0,0.0,0.0,2.26939,0.0,0.0,0.0,0.0,0.0,0.0,0
0.0,0.0,0.02975,0.0,0.0,0.0,0.0,0.0,0.00514,0.0,0.1217,0.0,0.0,0.0,0.42697,0.0,2.62404,0.0,0.0,0.01226,0.01682,0.0,0.0,8.48592,0.0,0.0,0.0,0.0,0.0,0.0,0
0.0,0.0,0.12575,0.0,0.0,0.0,0.0,0.20391,0.00681,0.0,0.0,0.0,0.0,0.0,0.40996,0.0,0.0,0.0,0.0,0.0,0.0,0.0,0.0,7.00568,0.0,0.0,0.0,0.00863,0.0,0.0,0
0.0,0.0,0.0,0.0,0.0,0.0,0.0,0.06657,0.23201,0.0,0.0,1.28928,0.0,0.0,0.42149,0.0,0.0,0.0,0.0,0.0,0.00231,0.0,0.0,9.34595,0.0,0.0,0.0,0.00284,0.0,0.0,0
0.0,0.0,0.00823,0.09704,0.0,0.0,0.0,0.22382,0.07501,0.0,0.0,1.56999,0.0,0.0,0.26578,0.0,0.0,0.0,0.0,0.0,0.0,8.96433,0.0,3.52321,0.0,0.0,0.0,0.0,0.0,0.0,0
0.0,0.0,0.04619,0.0,0.0,0.0,0.0,0.19926,0.0543,0.0,0.0,0.0,0.0,0.0,0.35467,0.0,0.0,0.0,0.0,0.0,0.0,12.43301,0.0,3.37909,0.0,0.0,0.0,0.0084,0.0,0.0,0
0.0,0.0,0.00088,0.00157,0.0,0.0,0.0,0.22309,0.12155,0.0,0.41728,0.0,0.0,0.0,0.61431,0.0,0.0,0.0,0.0,0.0,0.0,6.26491,0.0,1.79391,0.0,0.0,0.0,0.0,0.0,0.0,0
0.0,0.0,0.0,0.0,0.0,0.0,0.0,0.0,0.45171,0.0,0.0,0.0,0.0,0.0,6.34184,0.0,0.0,0.0,0.0,0.0,0.009,0.0,0.0,8.15341,0.0,0.0,0.10705,0.0,0.0,0.0,0
0.0,0.0,0.06012,0.01062,0.0,0.0,0.0,0.33635,0.38292,0.0,0.0,0.0,0.0,0.0,0.0,0.0,3.51948,0.0,0.0,0.0,0.03587,0.0,0.0,13.99344,0.0,0.0,0.03519,0.02484,0.0,0.0,0
0.0,0.0,0.0,0.00374,0.0,0.0,0.0,0.26012,0.08551,0.0,0.0,10.65778,0.0,0.0,0.40687,0.0,0.0,0.0,0.0,0.0,0.0,0.06333,0.0,4.37049,0.0,0.0,0.62689,0.0,0.0,0.0,0
0.0,0.0,0.0,0.0,0.0,0.0,0.0,0.05352,0.01947,0.0,0.0,0.0,0.0,0.0,0.07011,0.0,0.0,0.0,0.0,0.0,0.0,15.7731,0.0,0.58146,0.0,0.02601,0.0,0.0,0.0,0.0,0
0.0,0.0,0.0,0.0,0.0,0.0,0.04694,0.22344,0.08827,0.0,0.0,0.03088,0.0,0.0,0.59388,0.0,0.0,0.0,0.0,0.15092,0.0,43.0738,0.0,1.31455,0.0,0.07905,0.0,0.0,0.0,0.0,0
0.0,0.0,0.0,0.0,0.0,0.0,0.0,0.15075,0.01791,0.0,0.0,0.0,0.0,0.0,0.20479,0.0,0.0,0.0,0.00118,0.0,0.00665,0.0,0.0,30.38816,0.0,0.0,0.0,0.00891,0.0,0.0,0
0.0,0.0,0.0,0.03935,0.0,0.0,0.0,0.06641,0.03439,0.0,0.0,0.0,0.0,0.0,0.0,0.0,0.0,0.0,0.0,0.00741,0.02298,0.0243,0.0,8.1621,0.0,0.0,0.05346,0.03299,0.0,0.0,0
0.0,0.0,0.39561,0.0,0.0,0.0,0.03814,0.31013,0.27243,0.0,0.0,0.0,0.0,0.0,0.48014,0.0,0.0,0.0,0.0,0.0,0.0,0.0,0.0,7.73658,0.0,0.09058,0.0,0.0,0.0,0.0,0
0.0,0.0,0.0,0.0,0.0,0.0,0.0,0.21651,0.24125,0.0,0.0097,0.0,0.0,0.0,0.57187,0.0,0.0,0.0,0.00455,0.0,0.00215,0.0,0.0,14.96351,0.0,0.07507,0.0,0.02497,0.0,0.0,0
0.0,0.0,0.0,0.0,0.0,0.0,0.0,0.16813,0.01851,0.0,0.0,0.0,0.0,0.0,0.13423,0.0,0.0,0.0,0.0,0.0,0.0,0.0,0.0,5.97279,0.0,0.0,0.0,0.0,0.0,0.0,0
0.0,0.0,0.04005,0.0,0.0,0.0,0.08264,0.1299,0.02685,0.0,0.23436,0.0,0.0,0.0,0.20149,0.0,0.0,0.0,0.0,0.0,0.0,0.30257,0.0,0.0113,0.0,0.0,0.0,0.0,0.0,0.0,0
0.0,0.0,0.0,0.14482,0.0,0.0,0.03034,0.13272,0.06845,0.0,0.00016,0.0,0.0,0.0,0.3336,0.0,0.0,0.0,0.0,0.0,0.0,0.0,0.0,7.34563,0.0,0.0,0.0,0.0005,0.0,0.0,0
0.0,0.0,0.0,0.0,0.0,0.0,0.0,0.15889,0.10183,0.0,0.04754,2.03168,0.0,0.0,0.43448,0.0,0.0,0.0,0.0,0.01711,0.00748,27.68685,0.0,3.66156,0.0,0.0467,0.0,0.00216,0.0,0.0,0
0.0,0.34748,0.91877,0.0054,0.0,0.0,0.0,0.08243,0.14358,0.0,0.0,0.99933,0.0,0.0,0.38979,0.0,0.21573,0.0,0.0,0.0,0.0,0.0,0.0,0.60775,0.0,0.18185,0.0,0.0,0.0,0.0,0
0.0,0.0,0.0,0.08463,0.0,0.0,0.0,0.0341,0.06909,0.0,0.0,1.08199,0.0,0.0,0.1994,0.0,0.00252,0.0,0.0,0.0,0.00066,0.0,0.0,8.87192,0.0,0.0,0.00673,0.00262,0.0,0.0,0
0.0,0.0,0.0482,0.16985,0.0,0.0,0.0,0.03247,0.08566,0.0,0.0,0.0,0.0,0.0,0.87497,0.0,0.0,0.0,0.0,0.0,0.0,0.0,0.0,0.67383,0.0,0.02135,0.0,0.0,0.0,0.0,0
0.0,0.0,0.0017,0.17752,0.0,0.0,0.0,0.17667,0.04808,0.0,0.0,0.0,0.0,0.0,0.15056,0.0,0.07707,0.0,0.0,0.0,0.0,0.0,0.0,1.67492,0.0,0.0,0.0,0.0,0.0,0.0,0
0.0,0.0,0.0,0.24208,0.0,0.0,0.0,0.32166,0.02053,0.0,0.0,0.0,0.0,0.0,0.41788,0.0,0.0,0.0,0.0,0.0,0.0,0.0,0.0,3.17338,0.0,0.06582,0.0,0.0,0.0,0.0,0
0.0,0.0,0.0,0.0,0.0,0.0,0.0,0.03816,0.0,0.0,0.0,0.0,0.0,0.0,0.24139,0.0,0.0,0.0,0.0,0.03815,0.01882,0.0,0.0,16.45431,0.0,0.0,0.0,0.0,0.0,0.0,0
0.0,0.0,0.0,0.65566,0.0,0.0,0.0,0.77556,0.09823,0.0,0.0,0.33332,0.0,0.0,1.47332,0.0,0.8756,0.0,0.0,0.0,0.0,0.0,0.0,9.496,0.0,0.0,0.0,0.0,0.0,0.0,0
0.0,0.0,0.0,0.0,0.0,0.0,0.0,0.18874,0.07398,0.0,0.0,0.0,0.0,0.0,0.44504,0.0,0.0,0.0,0.00045,0.0,0.0,19.71067,0.0,7.82757,0.0,0.0,0.0,0.00757,0.0,0.0,0
0.0,0.0,0.0,0.04586,0.0,0.0,0.0,0.04976,0.02018,0.0,0.0,0.24538,0.0,0.0,0.45758,0.0,0.0,0.0,0.0,0.0688,0.23477,0.0,0.0,10.70056,0.0,0.0,0.0,0.00242,0.0,0.0,0
0.0,0.0,0.0,0.00778,0.0,0.0,0.0,0.03734,0.07234,0.0,0.0,2.3671,0.0,0.0,0.46508,0.0,0.0,0.0,0.0,0.0,0.0,18.83096,0.0,1.27933,0.0,0.11106,0.0,0.0,0.0,0.0,0
0.0,0.0,0.0,0.17027,0.0,0.0,0.0,0.22139,0.48281,0.0,0.02231,0.0,0.0,0.0,0.90714,0.0,0.0,0.0,0.0,0.0,0.0,9.77833,0.0,0.63398,0.0,0.03167,0.0,0.0,0.0,0.0,0
0.0,0.0,0.0,0.0,0.0,0.0,0.0,1.01133,0.03639,0.0,0.4752,1.84641,0.0,0.0,0.08602,0.0,0.0,0.0,0.0,0.00443,0.0,0.0,0.0,4.76271,0.0,0.0611,0.00678,0.0,0.0,0.0,0
0.0,0.0,0.0,0.05982,0.0,0.0,0.0,0.10414,0.04628,0.0,0.011,0.02787,0.0,0.0,0.38015,0.0,0.0,0.0,0.0,0.05649,0.0,0.0,0.0,0.42849,0.0,0.00437,0.0,0.0,0.0,0.0,0
0.0,0.0,0.0,0.0,0.0,0.0,0.0,0.08474,0.08494,0.0,0.0,0.0,0.0,0.0,0.0,0.0,0.0,0.0,0.0,0.00401,0.0,0.0,0.0,12.90746,0.0,0.0,0.0,0.0,0.0,0.0,0
0.0,0.0,0.0,0.0,0.0,0.0,0.0,0.0,0.0,0.0,0.0,0.0,0.0,0.0,0.0,0.0,0.0,0.0,0.0,0.0,0.0,0.0,0.0,25.01374,0.0,0.0,0.0,0.0,0.0,0.0,0
0.0,0.0,0.0,0.00132,0.0,0.0,0.0,0.14931,0.05314,0.0,0.0,0.0,0.0,0.0,0.82456,0.0,0.0,0.0,0.02034,0.0,0.0,6.53058,0.0,2.83059,0.0,0.11057,0.0,0.0,0.0,0.0,0
0.0,0.0,0.0219,0.00441,0.0,0.0,0.0,0.06288,0.16045,0.0,0.0,0.0,0.0,0.0,0.26446,0.0,0.0,0.0,0.0006,0.0,0.0,0.0,0.0,7.22886,0.0,0.0,0.00055,0.0,0.0,0.0,0
0.0,0.0,0.0,0.31663,0.0,0.0,0.02482,0.0,0.12057,0.0,0.0,0.0,0.0,0.0,0.65644,0.0,0.0,0.0,0.0,0.03859,0.0,0.0,0.0,14.00483,0.0,0.0,0.0,0.00754,0.0,0.0,0
0.0,0.0,0.0426,0.0,0.0,0.0,0.0,0.08943,0.32727,0.0,0.0,0.0,0.0,0.0,0.39404,0.0,1.96495,0.0,0.0,0.00044,0.0,0.0,0.0,8.4515,0.0,0.0,0.0,0.0131,0.0,0.0,0
0.0,0.00341,0.0,0.0,0.0,0.0,0.43849,0.0,0.77094,0.0,0.0,0.0,0.0,0.0,0.79738,0.0,2.09525,0.0,0.0,0.0,0.03107,0.0,0.0,11.73461,0.0,0.0,0.0,0.0903,0.0,0.0,0
0.0,0.0,0.0,0.0,0.0,0.0,0.0,0.15929,0.00489,0.0,0.09187,0.0,0.0,0.0,1.20505,0.0,0.0,0.0,0.0,0.0,0.0,0.0,0.0,0.0,0.0,0.0,0.0,0.0,0.0,0.0,0
0.0,0.0,0.0,0.01097,0.0,0.0,0.0,0.07183,0.05431,0.0,0.0,0.00303,0.0,0.0,0.21794,0.0,0.0,0.0,0.0,0.0,0.0,0.0,0.0,0.29902,0.0,0.0,0.0,0.0,0.0,0.0,0
0.0,0.0,0.0,0.19504,0.0,0.0,0.0,0.19118,0.04714,0.0,0.0,0.0,0.0,0.0,0.82202,0.0,0.0,0.0,0.0,0.0,0.00323,0.0,0.0,2.29005,0.0,0.06578,0.0,0.0,0.0,0.0,0
0.0,0.0,0.0,0.0,0.0,0.0,0.0,0.0,0.09803,0.0,0.0,0.0,0.0,0.0,0.68164,0.0,0.0,0.0,0.0,0.0,0.01222,0.0,0.0,32.2364,0.0,0.0,0.0,0.14463,0.0,0.0,0
0.0,0.0,0.02836,0.0,0.0,0.0,0.01506,0.10955,0.06968,0.0,0.0,0.0,0.0,0.0,0.82433,0.0,0.0,0.0,0.0,0.0,0.0,0.0,0.0,4.48587,0.0,0.0,0.0,0.0,0.0,0.0,0
0.0,0.0,0.0,0.15583,0.0,0.0,0.0,0.18203,0.08136,0.0,0.0,0.31433,0.0,0.0,0.37,0.0,0.0,0.0,0.0,0.0043,0.0,0.0,0.0,1.24497,0.0,0.0,0.0,0.01712,0.0,0.0,0
0.0,0.0,0.0,0.01458,0.0,0.0,0.0,0.03408,0.11153,0.0,0.0,0.66016,0.0,0.0,0.20476,0.0,1.43623,0.0,0.0,0.0,0.01031,42.1395,0.0,0.49136,0.0,0.02332,0.00433,0.0,0.0,0.0,0
0.0,0.0,0.00228,0.02158,0.0,0.0,0.0,0.10327,0.07559,0.0,0.13955,0.0,0.0,0.0,0.57568,0.0,0.0,0.0,0.0,0.0,0.0,2.06906,0.0,10.00208,0.0,0.0,0.0,0.00046,0.0,0.0,0
0.0,0.0,0.05979,0.0,0.0,0.0,0.0,0.0572,0.07789,0.0,0.0,0.0,0.0,0.0,0.96546,0.0,0.0,0.0,0.0,0.0,0.0,16.88513,0.0,4.70245,0.0,0.02074,0.0,0.0,0.0,0.0,0
0.0,0.0,0.0,0.0,0.0,0.0,0.0,0.0345,0.03399,0.0,0.0,0.0,0.0,0.0,0.41188,0.0,0.0,0.0,0.0,0.0,0.0,32.17106,0.0,1.7719,0.0,0.0,0.0,0.0,0.0,0.0,0
0.0,0.0,0.00105,0.01268,0.0,0.0,0.01659,0.03665,0.57988,0.0,0.0,0.0,0.0,0.0,0.4233,0.0,0.0,0.0,0.0,0.0,0.0,0.0,0.0,3.30464,0.0,0.0,0.0,0.0,0.0,0.0,0
0.0,0.0,0.19323,0.0,0.0,0.0,0.0,0.08428,0.20394,0.0,0.0,0.0,0.0,0.0,0.40712,0.0,0.0,0.0,0.0,0.0,0.02196,5.8913,0.0,2.25402,0.0,0.04385,0.0,0.0,0.0,0.0,0
0.0,0.0,0.0,0.0,0.0,0.0,0.0,0.23479,0.1781,0.0,0.0,0.0,0.0,0.0,0.47824,0.0,0.0,0.0,0.0,0.0,0.0,0.0,0.0,6.12879,0.0,0.0,0.0,0.0,0.0,0.0,0
0.0,0.0,0.0,0.0,0.0,0.0,0.0,0.04955,0.67512,0.0,0.0,0.0,0.0,0.0,0.0,0.0,6.16013,0.0,0.0,0.00698,0.0242,0.0,0.0,28.73504,0.0,0.0,0.00721,0.00734,0.0,0.0,0
0.0,0.0,0.0,0.0,0.0,0.0,0.0,0.0,0.0,0.0,0.0,0.0,0.0,0.0,0.0,0.0,0.0,0.0,0.0,0.0,0.04697,0.0,0.0,0.0,0.0,0.0,0.0,0.0,0.0,0.0,0
0.0,0.0,0.0,0.0,0.0,0.0,0.0,0.01792,0.07976,0.0,0.0,0.15918,0.0,0.0,0.25829,0.0,0.0,0.0,0.00492,0.0019,0.02101,0.0,0.0,4.46972,0.0,0.0,0.0,0.00205,0.0,0.0,0
0.0,0.0,0.0,0.00165,0.0,0.0,0.16426,0.52132,0.61186,0.0,0.21243,0.01004,0.0,0.0,0.98429,0.0,0.0,0.0,0.0,0.0,0.0,0.0,0.0,5.31963,0.0,0.10673,0.0,0.0,0.0,0.0,0
0.0,0.0,0.0,0.0,0.0,0.0,0.0,0.0,0.01523,0.0,0.0,6.08116,0.0,0.0,0.20175,0.0,3.14483,0.0,0.0,0.01337,0.01337,0.0,0.0,33.30296,0.0,0.0,0.0,0.01249,0.0,0.0,0
0.0,0.0,0.0,0.08251,0.0,0.0,0.0,0.12311,0.17232,0.0,0.03318,0.0,0.0,0.0,0.28783,0.0,0.13293,0.0,0.0,0.0,0.00012,20.37956,0.0,1.05151,0.0,0.0,0.0,0.0,0.0,0.0,0
0.0,0.0,0.0,0.00636,0.0,0.0,0.0,0.10487,0.28086,0.0,0.0,0.0,0.0,0.0,0.55466,0.0,1.29916,0.0,0.0,0.0,0.00029,0.00788,0.0,10.99675,0.0,0.0,0.0,0.00796,0.0,0.0,0
0.0,0.0,0.0,0.0,0.0,0.0,0.0202,0.16705,0.16186,0.0,0.0,0.0,0.0,0.0,0.45762,0.0,0.0,0.0,0.0,0.0,0.0215,0.0,0.0,15.00341,0.0,0.0,0.00026,0.00398,0.0,0.0,0
0.0,0.0,0.0,0.0,0.0,0.0,0.0,0.0,0.3505,0.0,0.0,0.0,0.0,0.0,0.11336,0.0,0.0,0.0,0.0,0.0,0.01473,0.0,0.0,0.0,0.0,0.0,0.0,0.00043,0.0,0.0,0
0.0,0.0,0.0,0.1197,0.0,0.0,0.0,0.0,0.54684,0.0,0.0,0.0,0.0,0.0,13.88834,0.0,0.0,0.0,0.0,0.0,0.0,0.0,0.0,0.38925,0.0,0.0,0.0,0.0,0.0,0.0,1
0.0,0.0,0.0,0.06748,0.0,0.0,0.4168,1.18101,0.79778,0.0,0.0,0.0,0.0,0.0,10.01512,0.0,0.0,0.0,0.0,0.0,0.0,0.0,0.0,0.2951,0.0,0.04222,0.0,0.12851,0.0,0.0,1
0.0,0.0,0.0252,0.0,0.0,0.0,0.18155,0.15544,0.20505,0.0,0.48339,0.0,0.0,0.0,0.5125,0.0,0.10624,0.0,0.0,0.0,0.0,0.0,0.0,0.04038,0.0,0.0,0.00779,0.0,0.0,0.0,1
0.0,0.00033,0.54162,0.01099,0.0,0.0,2.11763,1.64025,1.41781,0.0,1.54956,0.0,0.0,0.0,2.54937,0.0,0.14175,0.0,0.0,0.03617,0.0,0.0,0.0,0.16914,0.0,0.0,0.37333,0.03656,0.0,0.00091,1
0.0,0.0,0.0,0.01905,0.0,0.0,0.0,1.21662,2.121,0.0,0.0,0.0,0.0,0.0,3.66576,0.0,0.0,0.0,0.0,0.02786,0.0,0.0,0.0,3.57183,0.0,0.0,0.0,0.0,0.0,0.0,1
0.0,0.0,0.0,0.03309,0.0,0.00109,0.0,1.30272,0.73418,0.0,0.0,0.0,0.02743,0.0,3.87816,0.0,0.0,0.102,0.0,0.01107,0.0,0.0,0.0,0.82836,0.0,0.0,0.0,0.00138,0.0,0.0,1
0.0,0.0,0.041,0.03375,0.0,0.0,0.0,0.0,0.3025,0.0,0.0,0.0,0.0,0.0,0.99944,0.0,0.0,0.0,0.0,0.0,0.0,0.0,0.0,4.84138,0.0,0.0,0.0,0.0,0.0,0.0,1
0.0,0.0,0.03391,0.05841,0.0,0.0,0.0,0.56248,1.1709,0.0,0.0,0.0,0.0,0.0,1.56135,0.0,0.0,0.0,0.0,0.0,0.0,0.0,0.0,4.13062,0.0,0.0,0.05278,0.0,0.0,0.0,1
0.0,0.0,0.0,0.11446,0.0,0.0,0.0,0.00654,0.18239,0.0,0.0,0.0,0.0,0.0,1.24054,0.0,0.0,0.0,0.0,0.0,0.0,0.0,0.0,1.40605,0.0,0.0,0.0,0.0,0.0,0.0,1
0.0,0.0,0.2675,0.25441,0.0,0.0,0.76184,1.1758,1.52839,0.0,0.0,0.0,0.0,0.0,1.98253,0.0,0.0,0.0,0.00508,0.16083,0.0,0.0,0.0,6.13316,0.0,0.07145,0.02275,0.03441,0.05542,0.0,1
0.0,0.0,0.53051,0.0,0.0,0.0,0.0,0.0,0.16146,0.0,0.0,0.0,0.0,0.0,0.39573,0.0,0.0,0.0,0.0,0.0,0.0,0.0,0.0,1.44815,0.0,0.0,0.0,0.0,0.0,0.0,1
0.0,0.0,0.07315,0.07993,0.0,0.0,0.0,0.51291,0.23614,0.0,0.00425,0.0,0.0,0.0,1.16925,0.0,0.0,0.0,0.0,0.0,0.0,0.0,0.0,0.62223,0.0,0.05179,0.0,0.0,0.0,0.0,1
0.0,0.0,0.0,0.0,0.0,0.0,0.0,0.00682,0.0,0.0,0.0,0.0,0.0,0.0,0.11161,0.0,0.0,0.0,0.0,0.0,0.0,0.0,0.0,1.07671,0.0,0.0,0.0,0.0,0.0,0.0,1
0.0,0.0,0.0,0.00357,0.00066,0.0,0.42695,0.99184,0.08002,0.0,0.0,0.0,0.0,0.0,5.47829,0.0,0.0,0.0,0.0,0.0,0.0,0.0,0.0,2.2489,0.0,0.0,0.0,0.0,0.0,0.0,1
0.0,0.0,0.0,0.03208,0.0,0.0,0.0,0.06173,0.32235,0.0,0.0,0.0,0.0,0.0,0.90954,0.0,0.34207,0.0,0.0,0.0,0.0,0.0,0.0,8.83148,0.0,0.0,0.05118,0.0,0.0,0.0,1
0.0,0.0,0.0,0.00982,0.0,0.0,0.0,0.42966,0.13474,0.0,0.0,0.0,0.0,0.0,1.80913,0.0,0.12086,0.0,0.0,0.0,0.0,0.0,0.0,2.79149,0.0,0.0,0.01227,0.00832,0.0,0.0,1
0.0,0.0,0.0,0.0,0.0,0.0,0.0,0.0,0.0,0.0,0.0,0.0,0.0,0.0,0.0,0.0,0.0,0.0,0.0,0.0,0.58947,0.0,0.0,0.0,0.0,0.0,0.0,0.0,0.0,0.0,1
0.0,0.0,0.0,0.0,0.0,0.0,1.13991,0.00396,0.0,0.0,0.0,0.0,0.0,0.0,0.0,0.0,0.0,0.0,0.0,0.0,0.02259,0.0,0.0,10.87844,0.0,0.0,1.45577,0.00076,0.0,0.0,1
0.0,0.0,0.0,0.01125,0.0,0.0,0.08106,0.14785,0.46004,0.0,0.0,0.0,0.0,0.0,1.76597,0.0,0.0,0.0,0.0,0.0,0.0,0.0,0.0,0.74057,0.0,0.0,0.05853,0.0,0.0,0.0,1
0.0,0.0,0.12347,0.66484,0.0,0.0,0.67836,0.73035,0.56183,0.0,0.0,0.0,0.0,0.0,1.99822,0.0,0.0,0.0,0.02246,0.0,0.02083,0.0,0.0,4.05883,0.0,0.0,1.42641,0.00208,0.0,0.0,1
0.0,0.0,0.0,0.0,0.0,0.0,0.14611,0.37838,0.46286,0.0,0.0,0.0,0.0,0.0,3.09986,0.0,0.0,0.0,0.0,0.0,0.0,0.0,0.0,14.35535,0.0,0.0,0.0,0.00222,0.0,0.0,1
0.0,0.0,0.0,0.0,0.0,0.0,1.32356,0.81143,0.17631,0.0,0.0,0.0,0.0,0.0,2.37553,0.0,0.0,0.0,0.01953,0.0,0.00672,0.0,0.0,9.12633,0.0,0.0,0.0,0.2041,0.0,0.0,1
0.0,0.0,0.0,0.0,0.0,0.0,0.0,0.07502,0.38239,0.0,0.0,0.0,0.0,0.0,0.42538,0.0,0.0,0.0,0.0,0.0,0.0,0.0,0.0,8.07335,0.0,0.0,0.0,0.0,0.0,0.0,1
0.0,0.0,0.06414,0.02255,0.0,0.0,0.71703,1.69641,0.5712,0.0,0.0,0.0,0.0,0.0,1.16639,0.0,0.0,0.0,0.00123,0.0,0.0,0.0,0.0,8.35667,0.0,0.0,0.24544,0.0354,0.0,0.0,1
0.0,0.0,0.0,0.1422,0.0,0.0,0.0,0.04432,0.17192,0.0,0.0,0.0,0.0,0.0,1.63447,0.0,0.0,0.0,0.0,0.03227,0.0,0.0,0.0,9.17578,0.0,0.0,0.0,0.0,0.0,0.0,1
0.0,0.0,0.0,0.21653,0.0,0.0,0.78633,0.90149,0.17963,0.0,0.0,0.0,0.0,0.0,2.79344,0.0,0.0,0.0,0.0,0.00706,0.03067,0.0,0.0,8.64821,0.0,0.10871,0.01104,0.1704,0.0,0.0,1
0.0,0.0,0.0,0.02322,0.0,0.0,0.0,0.7361,0.50381,0.0,0.0,0.0,0.0,0.0,0.9255,0.0,0.0,0.0,0.0,0.0,0.0,0.0,0.0,37.95814,0.0,0.28451,0.0,0.0,0.0,0.0,1
0.0,0.0,0.56998,0.017,0.0,0.09553,0.00605,0.65859,0.64009,0.0,0.0,0.0,0.0,0.0,3.9247,0.0,0.0,0.0,0.0,0.0,0.00505,0.0,0.0,3.94666,0.0,0.03681,0.0,0.00071,0.0,0.0,1
0.0,0.0,0.00216,0.0,0.0,0.0,0.02097,0.14726,0.07878,0.0,0.0,0.0,0.0,0.0,0.82333,0.0,0.0,0.0,0.0,0.0,0.0,0.0,0.0,0.14877,0.0,0.0,0.0,0.0,0.0,0.0,1
0.0,0.0,0.0027,0.0,0.0,0.0,0.54475,2.7084,0.86967,0.0,0.0,0.0,0.0,0.0,1.35371,0.0,0.0,0.0,0.0,0.00783,0.0,0.0,0.0,1.03756,0.0,0.0,0.0,0.0,0.0,0.0,1
0.0,0.00913,0.0,0.0,0.0,0.0,0.0,0.95032,0.0,0.0,0.0,0.0,0.0,0.0,0.0,0.0,0.0,0.0,0.0,0.0,0.04289,0.0,0.0,1.94252,0.0,0.0,0.86957,0.0,0.0,0.0,1
0.0,0.00246,0.0,0.0,0.0,0.0,0.0,0.33877,0.0,0.09577,0.0,0.0,0.0,0.0,0.0,0.0,0.0,0.0,0.0,0.0,0.01366,0.0,0.0,3.18449,0.0,0.0,0.49654,0.0,0.0,0.0,1
0.0,0.0,0.0,0.0,0.0,0.0,0.0,0.0,0.11193,0.0,0.0,0.0,0.0,0.0,0.81846,0.0,0.0,0.0,0.0,0.0,0.05316,0.0,0.0,7.66898,0.0,0.0,0.0,0.03365,0.0,0.0,1
0.0,0.0,0.0,0.0,0.0,0.0,0.0,0.0,0.13454,0.0,0.0,0.0,0.0,0.0,0.70491,0.0,0.0,0.0,0.0,0.0,0.03509,0.0,0.0,10.09769,0.0,0.0,0.0,0.01187,0.0,0.0,1
0.0,0.0,0.0,0.03208,0.0,0.0,0.0,0.02398,0.11374,0.0,0.0,0.0,0.0,0.0,3.04158,0.0,0.04028,0.0,0.0,0.0,0.01301,1.46324,0.0,8.22032,0.0,0.0,0.05651,0.00717,0.0,0.0,1
0.0,0.0,0.0,0.01057,0.0,0.0,0.01129,0.09074,0.12772,0.0,0.0,0.0,0.0,0.0,2.85678,0.0,0.02376,0.0,0.00975,0.0,0.02209,1.20806,0.0,5.34222,0.0,0.0,0.11466,0.03122,0.0,0.0,1
0.0,0.0,0.00177,0.0,0.0,0.0,0.76313,2.28893,0.1888,0.0,0.0,0.0,0.0,0.0,2.2589,0.0,0.0,0.0,0.0,0.0,0.0142,0.0,0.0,4.25497,0.0,0.0,0.31549,0.02274,0.0,0.0,1
0.0,0.0,0.00127,0.0,0.0,0.0,0.62329,2.10156,0.22878,0.0,0.0,0.0,0.0,0.0,1.60286,0.0,0.0,0.0,0.0,0.0,0.04334,0.0,0.0,6.82493,0.0,0.0,0.38382,0.16299,0.0,0.0,1
0.0,0.21303,0.1156,0.0,0.0,0.0,0.07173,4.93253,1.42308,0.0,3.92279,0.87641,0.0,0.0,10.33248,0.0,0.10824,0.0,0.0,0.0,0.00275,0.0,0.0,1.55696,0.0,0.0,0.01265,0.16242,0.0,0.0,1
0.0,0.0,0.00509,0.43279,0.0,0.0,0.08405,2.20573,0.50864,0.0,2.15502,0.3818,0.0,0.0,0.67043,0.0,0.51731,0.0,0.0,0.0,0.0,0.0,0.0,7.97758,0.0,0.0,0.05222,0.0945,0.0,0.0,1
0.0,0.0,0.00063,0.07173,0.0,0.0,0.18407,0.63426,0.43606,0.0,0.00298,3.3681,0.0,0.0,1.21495,0.0,0.00223,0.0,0.0,0.0,0.0,0.0,0.0,10.42987,0.0,0.07812,0.10454,0.03367,0.0,0.0,1
0.0,0.0,0.04394,0.03679,0.0,0.0,0.0,1.18198,0.26099,0.0,0.0,0.31364,0.0,0.0,1.39626,0.0,0.35153,0.0,0.0,0.0,0.0,0.0,0.0,2.92124,0.0,0.09646,0.0744,0.06707,0.0,0.0,1
0.0,0.0,0.0,0.01508,0.0,0.0,0.10683,2.40636,0.74006,0.0,0.0,0.0,0.0,0.0,2.2836,0.0,0.0,0.0,0.0,0.0,0.0054,0.0,0.0,4.84748,0.0,0.0,0.0,0.06617,0.0,0.0,1
0.0,0.0,0.01456,0.01613,0.0,0.0,0.0989,2.01326,0.60863,0.0,0.0,0.0,0.0,0.0,3.09471,0.0,0.0,0.0,0.0,0.0,0.00393,0.0,0.0,2.39482,0.0,0.0,0.0,0.23046,0.0,0.0,1
0.0,0.0,0.0,0.04328,0.0,0.0,0.10597,0.1001,0.03217,0.0,0.0,0.0,0.0,0.0,0.20611,0.0,0.89364,0.0,0.0,0.0,0.0,0.0,0.0,2.70922,0.0,0.0,0.05412,0.00243,0.0,0.0,1
0.0,0.0,0.00242,0.0,0.0,0.0,0.94284,0.21111,0.45265,0.0,0.0,0.0,0.0,0.0,0.08804,0.0,0.0,0.0,0.0,0.0,0.0,0.0,0.0,10.46682,0.0,0.0,0.13106,0.02324,0.0,0.0,1
0.0,0.0,0.00731,0.31621,0.0,0.0,0.0,0.16594,0.89281,0.0,0.0,0.0,0.0,0.0,1.05085,0.0,2.03171,0.0,0.0,0.017,0.0,6.95965,0.0,6.80696,0.0,0.0,0.02764,0.0289,0.0,0.0,1
0.0,0.0,0.0,0.06056,0.0,0.0,0.0,0.08687,0.4892,0.0,0.0,0.0,0.0,0.0,0.65412,0.0,0.87024,0.0,0.0,0.0,0.0,25.18581,0.0,1.02071,0.0,0.0,0.0597,0.00525,0.0,0.0,1
0.0,0.0,0.07241,0.0,0.0,0.0,0.41653,0.69627,0.09715,0.0,0.0,0.0,0.0,0.0,1.42955,0.0,0.0,0.0,0.0,0.0,0.00602,0.0,0.0,22.33223,0.0,0.0,0.50408,0.12167,0.0,0.0,1
0.0,0.0,0.0,0.0,0.0,0.0,0.29098,0.00163,1.00764,0.0,0.0,0.0,0.0,0.0,0.0,0.0,6.98355,0.0,0.0,0.0,0.06852,0.0,0.0,10.23626,0.0,0.0,0.0,0.0,0.0,0.0,1
0.0,0.0,0.0,0.0,0.0,0.0,0.78037,0.00536,2.48904,0.0,0.0,0.0,0.0,0.0,0.0,0.0,3.17891,0.0,0.0,0.0,0.01381,0.0,0.0,6.11286,0.0,0.0,0.0,0.0,0.0,0.0,1
0.0,0.0,0.0,0.02424,0.0,0.0,0.0,0.41481,0.43194,0.0,0.0,0.00506,0.0,0.0,0.0,0.0,0.84601,0.0,0.0,0.0006,0.00266,0.0,0.0,0.85806,0.0,0.0,0.0,0.00444,0.0,0.0,1
0.0,0.0,0.0,0.02028,0.0,0.0,0.0,0.25128,0.33214,0.0,0.0,0.00705,0.0,0.0,0.0,0.0,0.96242,0.0,0.0,0.00282,0.00319,0.0,0.0,0.94266,0.0,0.0,0.0,0.002,0.0,0.0,1
0.0,0.0,0.0,0.18596,0.0,0.0,0.0,0.0,0.0,0.0,0.0,0.0,0.0,0.0,0.0,0.0,0.0,0.0,0.0,0.0,0.0,0.0,0.0,2.66931,0.0,0.0,0.0,0.0,0.0,0.0,1
0.0,0.0,0.0,0.33125,0.0,0.0,0.0,0.25225,1.17507,0.0,0.0,0.0,0.0,0.0,0.23561,0.0,0.0,0.0,0.0,0.0,0.00077,0.0,0.0,3.38702,0.0,0.0,0.0,0.08332,0.0,0.0,1
0.0,0.0,0.0,0.04265,0.0,0.0,0.0,0.3631,0.17094,0.0,0.0,0.0,0.0,0.0,0.85272,0.0,0.0,0.0,0.0,0.00194,0.0,0.0,0.0,4.07414,0.0,0.17097,0.0,0.10272,0.0,0.0,1
0.0,0.0,0.0,0.03743,0.0,0.0,0.0,0.44303,0.37959,0.0,0.0,0.0,0.0,0.0,0.93002,0.0,0.0,0.0,0.0,0.01005,0.0,11.34542,0.0,3.7984,0.0,0.14816,0.0,0.11007,0.0,0.0,1
0.0,0.0,0.05764,0.08611,0.0,0.0,0.0,0.16597,0.22414,0.0,0.0,0.99618,0.0,0.0,0.63007,0.0,1.46671,0.0,0.0,0.0,0.0,0.0,0.0,2.12822,0.0,0.0,0.0,0.03252,0.0,0.0,1
0.0,0.0,0.08018,0.01557,0.0,0.0,0.0,0.35389,0.94845,0.0,0.0,1.78469,0.0,0.0,0.59789,0.0,1.27271,0.0,0.0,0.0,0.04158,0.0,0.0,7.92286,0.0,0.0,0.06039,0.04777,0.0,0.0,1
0.0,0.0,0.0,0.0,0.0,0.0,0.0,1.12851,0.16658,0.0,0.0,0.0,0.0,0.0,0.81442,0.0,0.0,0.0,0.0,0.0,0.0,0.0,0.0,0.36398,0.0,0.0,0.0,0.0,0.0,0.00083,1
0.0,0.0,0.0,0.0,0.0,0.0,0.0,0.48981,0.14841,0.0,0.0,0.0,0.0,0.0,0.23729,0.0,0.0,0.0,0.0,0.0,0.0,0.0,0.0,0.13114,0.0,0.0,0.0,0.0,0.0,0.0,1
0.0,0.0,0.00767,0.56053,0.0,0.0,0.0,0.30934,0.71369,0.0,0.0,0.0,0.0,0.0,0.80412,0.0,0.27695,0.0,0.0,0.0,0.0,3.82656,0.0,6.59068,0.0,0.00258,0.0,0.00383,0.0,0.0,1
0.0,0.0,0.0,0.23168,0.0,0.0,0.0,0.79773,0.89444,0.0,0.0,0.0,0.0,0.0,2.0391,0.0,0.55267,0.0,0.0,0.0,0.0,7.69904,0.0,2.35005,0.0,0.0,0.0,0.00589,0.0,0.0,1
0.0,0.0,0.0,0.00525,0.0,0.0,0.71769,0.51444,2.49657,0.0,0.0,0.0,0.0,0.0,1.15795,0.0,1.27471,0.0,0.0,0.01587,0.02892,0.0,0.0,8.00806,0.0,0.0,0.0,0.21122,0.0,0.0,1
0.0,0.0,0.0,0.01776,0.0,0.0,0.6088,0.97915,2.16632,0.0,0.0075,0.0,0.0,0.0,1.36218,0.0,2.71053,0.0,0.0067,0.07398,0.02655,0.0,0.0,7.11213,0.0,0.0,0.0,0.05687,0.0,0.0,1
0.0,0.0,0.01522,0.02011,0.0,0.0,0.0,1.19264,0.35254,0.0,17.73876,0.0,0.0,0.0,0.82651,0.0,1.69933,0.0,0.00646,0.01215,0.0,0.0,0.0,6.13674,0.0,0.0,0.0,0.16066,0.0,0.0,1
0.0,0.0,0.05842,0.03318,0.0,0.0,0.05757,2.80797,1.4388,0.0,7.17878,0.0,0.0,0.0,1.46489,0.0,1.00372,0.0,0.04308,3.06399,0.0,0.0,0.0,6.6934,0.0,0.0,0.0,0.25538,0.0,0.0,1
0.0,0.0,0.0,0.02695,0.0,0.0,0.0,0.00323,1.80599,0.0,0.46669,0.0,0.0,0.0,2.22965,0.0,0.45636,0.0,0.00072,0.01525,0.02028,0.0,0.0,7.14264,0.0,0.0,0.0,0.0,0.0,0.0,1
0.0,0.0,0.0,0.11283,0.0,0.0,0.06671,0.12585,0.94439,0.0,0.14858,0.0,0.0,0.0,2.72158,0.0,2.96334,0.0,0.0,0.03721,0.02309,0.0,0.0,6.4857,0.0,0.0,0.0,0.00309,0.0,0.0,1
0.0,0.0,0.00854,0.0,0.0,0.0,0.0,0.00522,0.39146,0.0,0.11548,0.0,0.0,0.0,1.79034,0.0,0.94471,0.0,0.0,0.00232,0.0,0.0,0.0,4.68122,0.0,0.0,0.0,0.00016,0.0,0.0,0
0.0,0.0,0.0,0.03196,0.0,0.0,0.12645,1.34078,0.66291,0.0,2.61308,0.0,0.0,0.0,0.40272,0.0,0.45385,0.0,0.00272,1.27146,0.0,0.0,0.0,16.29227,0.0,0.0,0.0,0.02934,0.0,0.0,0
0.0,0.0,0.0,0.0,0.0,0.0,0.13717,1.25778,0.28748,0.0,0.0,0.0,0.0,0.0,0.77511,0.0,0.0,0.0,0.0,0.0,0.05453,0.0,0.0,1.48152,0.0,0.0,0.10966,0.15034,0.0,0.0,1
0.0,0.0,0.35297,0.0,0.0,0.0,0.0,1.31605,0.28379,0.0,0.0,0.0,0.0,0.0,1.21936,0.0,0.0,0.0,0.0,0.0,0.00539,0.0,0.0,0.30358,0.0,0.0,0.0,0.06233,0.0,0.0,1
0.0,0.0,0.0,0.13526,0.0,0.0,0.02546,0.67425,0.89796,0.0,0.01288,0.0,0.0,0.0,1.58192,0.0,0.24803,0.0,0.0,0.33925,0.0,0.0,0.0,19.97861,0.0,0.13107,0.79181,0.04377,0.0,0.0,0
0.0,0.0,0.0,0.09862,0.0,0.0,0.0,0.57723,0.64826,0.0,0.0,0.0,0.0,0.0,0.9632,0.0,0.00238,0.0022,0.0,0.10465,0.0,0.0,0.0,13.80497,0.0,0.0,1.83626,0.02998,0.0,0.0,0
0.0,0.0,0.0,0.21522,0.0,0.0,0.05414,0.52569,0.40565,0.0,0.0,4.66311,0.0,0.0,0.44933,0.0,1.71452,0.0,0.0,0.23168,0.0,0.0,0.0,15.08632,0.0,0.0,0.0,0.08661,0.0,0.0,0
0.0,0.0,0.0,0.18674,0.0,0.0,0.13941,0.20641,0.13716,0.0,0.0,7.47973,0.0,0.0,1.09384,0.0,0.58165,0.0,0.0,0.0167,0.0,0.0,0.0,12.31676,0.0,0.0,0.0,0.06657,0.0,0.0,0
0.0,0.0,0.0,0.08811,0.0,0.0,0.03962,0.04563,0.30795,0.0,0.05606,0.0,0.0,0.0,0.0125,0.0,0.81967,0.0,0.0,0.0,0.0,0.0,0.0,28.52696,0.0,0.25839,0.0,0.00084,0.0,0.0,0
0.0,0.0,0.0,0.0756,0.0,0.0,0.0,0.52156,1.31014,0.0,0.13561,0.0,0.0,0.0,0.49524,0.0,1.17008,0.0,0.0,0.00039,0.0,0.0,0.0,5.81861,0.0,0.1416,0.0,0.05376,0.0,0.0,0
0.0,0.00165,0.00344,0.03078,0.0,0.0,0.45927,1.3709,0.55021,0.0,0.0,0.03757,0.0,0.0,2.2537,0.0,0.0,0.0,0.0,0.0,0.0,0.0,0.0,2.71339,0.0,0.0,0.0,0.04264,0.0,0.0,0
0.0,0.0,0.0,0.0344,0.0,0.0,0.0,0.29531,0.28919,0.0,0.0,0.0,0.0,0.0,1.08595,0.0,0.0,0.0,0.0,0.00117,0.007,0.0,0.0,14.97053,0.0,0.0,0.0,0.0511,0.0,0.0,0
0.0,0.0,0.0,0.30428,0.0,0.0,0.00831,0.86829,0.49315,0.0,0.0,0.49771,0.0,0.0,1.52275,0.0,0.00492,0.0,0.0,0.0,0.00098,0.0,0.0,8.58127,0.0,0.0,0.0,0.01008,0.0,0.0,0
0.0,0.0,0.0,0.04683,0.0,0.0,0.0,0.27753,0.12005,0.0,0.0,0.0,0.0,0.0,0.60557,0.0,0.0,0.0,0.0,0.0,0.0,0.0,0.0,14.91462,0.0,0.0,0.0,0.0,0.0,0.0,0
0.0,0.0,0.0,0.15955,0.0,0.0,0.0,0.0,1.00741,0.0,0.02866,0.0,0.0,0.0,1.30187,0.0,0.0,0.0,0.0,0.02088,0.0,0.0,0.0,8.23029,0.0,0.0,0.0,0.12068,0.0,0.0,0
0.0,0.0,0.0,0.22251,0.0,0.0,0.0,0.0,0.38518,0.0,0.03292,0.0,0.0,0.0,0.69567,0.0,0.0,0.0,0.0,0.0,0.0,0.0,0.0,15.57538,0.0,0.0,0.0,0.05419,0.0,0.0,0
0.0,0.0,0.0,0.0,0.0,0.0,0.0,0.15504,0.01552,0.0,0.0,0.0,0.0,0.0,1.00321,0.0,0.0,0.0,0.0,0.0,0.00709,0.0,0.0,10.74839,0.0,0.0,0.28019,0.00312,0.0,0.0,0
0.0,0.0,0.0,0.0,0.0,0.0,0.0,0.47093,0.02725,0.0,0.08215,0.0,0.0,0.0,1.16447,0.0,0.0,0.0,0.0,0.0,0.0,0.0,0.0,7.42317,0.0,0.0,0.6092,0.00076,0.0,0.0,0
0.0,0.0,0.0,0.02049,0.0,0.0,0.0,0.51688,0.3172,0.0,0.0,0.0,0.0,0.0,0.79405,0.0,0.32274,0.0,0.0,0.0,0.0,0.0,0.0,4.18274,0.0,0.0982,0.0,0.05507,0.0,0.00075,0
0.0,0.0,0.00145,0.01555,0.0,0.0,0.0,0.36849,0.12117,0.0,0.0,0.0,0.0,0.0,0.80808,0.0,0.09602,0.0,0.0,0.004,0.0,36.28496,0.0,1.35732,0.0,0.06624,0.0,0.02234,0.0,0.0,0
0.0,0.0,0.0,0.09258,0.0,0.0,0.0,0.81536,0.34895,0.0,0.0,0.00714,0.0,0.0,0.95349,0.0,1.17354,0.0,0.00183,0.0,0.0,0.0433,0.0,6.80036,0.0,0.0,0.0,0.03059,0.0,0.0,0
0.0,0.0,0.0,0.059,0.0,0.0,0.0,0.9111,0.21521,0.0,0.0,0.00036,0.0,0.0,0.69549,0.0,0.92064,0.0,0.0,0.0,0.0,0.0,0.0,5.77464,0.0,0.0,0.0,0.04293,0.0,0.0,0
0.0,0.0,0.0,0.00506,0.0,0.0,0.0,0.0,1.47174,0.0,0.0,0.0,0.0,0.0,0.19283,0.0,0.0,0.0,0.0,0.0,0.00098,0.0,0.0,12.63713,0.0,0.0,0.84994,0.09217,0.0,0.0,0
0.0,0.0,0.0,0.00094,0.0,0.0,0.0,0.0,0.21584,0.0,0.0,0.0,0.0,0.0,0.16969,0.0,0.0,0.0,0.0,0.0,0.00279,0.0,0.0,13.05349,0.0,0.0,0.18231,0.15775,0.0,0.0,0
0.0,0.0,0.00335,0.01277,0.0,0.0,0.0,0.77552,0.04564,0.0,0.0,0.00319,0.0,0.0,0.61542,0.0,0.07278,0.08486,0.0,0.0,0.0,0.0,0.0,1.31246,0.0,0.01749,0.0,0.0,0.0,0.0,0
0.0,0.0,0.04467,0.19667,0.0,0.0,0.0,0.4483,0.21618,0.0,0.0,0.0,0.0,0.0,1.68051,0.0,0.65592,0.0,0.0,0.0,0.0,0.0,0.0,1.54966,0.0,0.00518,0.0,0.0,0.0,0.0,0
0.0,0.0,0.0164,0.0,0.0,0.0,0.47516,1.04651,0.26175,0.0,0.0,0.0,0.0,0.0,2.96666,0.0,0.0,0.0,0.0,0.0,0.01544,0.0,0.0,1.61014,0.0,0.03904,0.0,0.0,0.0,0.0,1
0.0,0.0,0.0,0.00484,0.0,0.0,0.12534,0.81221,0.12117,0.0,0.0,0.0,0.0,0.0,1.44293,0.0,0.0,0.0,0.0,0.0,0.01879,0.0,0.0,4.0602,0.0,0.0166,0.0,0.0,0.0,0.0,1
0.0,0.0,0.0,0.04303,0.0,0.0,0.0,0.0,0.30452,0.0,0.0,0.0,0.0,0.0,0.55281,0.0,1.21194,0.0,0.0,0.0,0.0,0.0,0.0,12.07989,0.0,0.0,0.02217,0.0,0.0,0.0,1
0.0,0.1552,0.0,0.0,0.00128,0.0,0.0,0.01199,0.0,0.0,0.0,0.0,0.0,0.0,0.00243,0.0,0.0,0.07047,0.0,0.0,0.0,0.0,0.0,0.38371,0.0,0.0,2.83915,0.0,0.0,0.01425,1
0.0,0.0,0.0,0.0,0.0,0.0,0.0,0.0,0.0,0.0,0.0,0.0,0.0,0.0,0.34954,0.0,0.0,0.0,0.0,0.0,0.0,0.0,0.0,0.32941,0.0,0.0,0.0,0.0,0.0,0.0,0
0.0,0.0,0.0,0.0,0.0,0.0,0.0,0.0,0.0,0.0,0.0,0.0,0.0,0.0,0.0,0.0,0.0,0.0,0.0,0.0,0.01855,0.0,0.0,0.0,0.0,0.0,0.0,0.0,0.0,0.0,1
0.0,0.00127,0.02551,0.03191,0.0,0.0,0.0,0.21731,0.2015,0.0,0.0,0.0,0.0,0.0,1.25675,0.0,0.0,0.0,0.0,0.0,0.0,0.0,0.0,1.82575,0.0,0.0,0.03168,0.10211,0.0,0.0,0
0.0,0.0,0.0,0.00851,0.0,0.0,0.0,0.17449,0.36325,0.0,0.0,0.0,0.0,0.0,1.28882,0.0,0.0,0.0,0.0,0.0,0.0,0.0,0.0,5.63575,0.0,0.0,0.0,0.00073,0.0,0.0,0
0.0,0.0,0.0,0.0,0.0,0.0,0.07305,0.0,0.0,0.0,0.0,0.0,0.0,0.0,0.0,0.0,0.0,0.0,0.0,0.0,0.04388,0.0,0.0,16.0554,0.0,0.0,0.0,0.0,0.0,0.0,1
0.0,0.0,0.0,0.0,0.0,0.0,0.61408,0.0,0.03201,0.0,0.0,0.0,0.0,0.0,0.04221,0.0,0.0,0.0,0.0,0.0,0.04783,0.0,0.0,11.00011,0.0,0.0,0.00041,0.0,0.0,0.0,1
0.0,0.0,0.00168,0.0429,0.0,0.0,0.0,1.09281,0.18379,0.0,0.0,0.0,0.0,0.0,0.99507,0.0,0.0,0.0,0.0,0.0106,0.0,0.0,0.0,6.02822,0.0,0.0,0.0,0.06311,0.0,0.0,0
0.0,0.0,0.0,0.0,0.0,0.0,0.0,0.0,0.66635,0.0,0.0,0.0,0.0,0.0,4.3133,0.0,0.0,0.0,0.0,0.0,0.02114,0.0,0.0,1.16515,0.0,0.0,0.0,0.0,0.0,0.0,1
0.0,0.0,0.0,0.15493,0.0,0.0,0.0,0.0,0.08241,0.0,0.0,0.0,0.0,0.0,3.3894,0.0,1.08307,0.0,0.0,0.0,0.02705,0.0,0.0,7.95167,0.0,0.11533,0.0,0.0,0.0,0.0,1
0.0,0.00036,0.0,0.0,0.0,0.00179,0.0,0.0,0.08069,0.0,0.0,0.0,0.0,0.0,4.02092,0.0,0.0,0.07554,0.0,0.0,0.0,0.0,0.0,0.0001,0.0,0.0,0.0,0.0,0.0,0.0,1
0.0,0.0,0.0,0.0,0.0,0.0,0.0,0.0,0.02202,0.0,0.0,0.0,0.0,0.0,0.93796,0.0,0.0,0.0,0.0,0.0,0.01024,0.0,0.0,0.00342,0.0,0.0,0.0,0.0,0.0,0.0,1
0.0,0.0,0.0913,0.0303,0.0,0.0,1.24155,2.31307,0.26359,0.0,0.18774,0.0,0.0,0.0,2.59122,0.0,0.0,0.0,0.0,0.0,0.0,0.9846,0.0,1.82203,0.0,0.0,0.20225,0.05832,0.0,0.0,0
0.0,0.0,0.0,0.01162,0.0,0.0,0.0,0.0,0.01749,0.0,0.0,0.0,0.0,0.0,0.2264,0.0,0.0,0.0,0.0,0.0,0.0,0.0,0.0,0.93644,0.0,0.0,0.0,0.0,0.0,0.0,0
0.0,0.0,0.0,0.01213,0.0,0.0,0.0,0.31445,0.06496,0.0,0.0,0.0,0.0,0.0,0.31593,0.0,0.0,0.0,0.0,0.00045,0.17526,0.0,0.0,2.76718,0.0,0.16224,0.03515,0.0,0.0,0.00275,1
0.0,0.0,0.0,0.0,0.0,0.0,0.0,0.0,0.0,0.0,0.0,0.0,0.0,0.0,0.0,0.0,0.0,0.0,0.0,0.12546,0.02999,0.0,0.0,11.23422,0.0,0.0,2.82905,0.0,0.0,0.0,1
0.0,0.0,0.0,0.0,0.0,0.0,0.0,0.0,0.03232,0.0,0.0,0.0,0.0,0.0,0.0,0.0,0.0,0.0,0.0,0.0,0.03625,0.0,0.0,24.19553,0.0,0.0,0.20525,0.0,0.0,0.0,1
0.0,0.0,0.0,0.04766,0.0,0.0,0.35744,1.14535,0.35915,0.0,0.0,0.0,0.0,0.0,1.03907,0.0,0.0,0.0,0.0,0.0236,0.0,14.00908,0.0,1.11998,0.0,0.0,0.0,0.06325,0.0,0.0,0
0.0,0.0,0.0,0.24283,0.0,0.0,0.0,0.78348,1.70051,0.0,0.0,0.0065,0.0,0.0,1.61813,0.0,3.18649,0.0,0.0,0.42575,0.0,0.0,0.0,1.41957,0.0,0.0,0.31354,0.26115,0.0,0.0,0
0.0,0.0,0.0,0.12272,0.0,0.0,2.14434,0.0,0.03132,0.0,0.0,0.0,0.0,0.0,0.30368,0.0,0.0,0.0,0.0,0.33075,0.211,0.0,0.0,21.84523,0.0,0.0,8.06601,0.01571,0.0,0.0,1
0.0,0.0,0.0,0.10654,0.0,0.0,0.0035,0.0,0.10682,0.0,0.0,0.0,0.0,0.0,0.48377,0.0,0.0,0.0,0.0,0.16815,0.23077,0.0,0.0,23.36851,0.0,0.0,1.08953,0.06402,0.0,0.0,1
0.0,0.0,0.0,0.00321,0.0,0.0,0.0,1.0886,1.15366,0.0,0.0,0.0,0.0,0.0,1.69027,0.0,0.01751,0.0,0.0,0.023,0.04345,0.0,0.0,1.32735,0.0,0.0,0.0,0.37288,0.0,0.0,0
0.0,0.0,0.0,0.0622,0.0,0.0,0.0,0.0,0.59751,0.0,0.0,0.0,0.0,0.0,0.59105,0.0,2.38107,0.0,0.0,0.00245,0.00311,0.0,0.0,1.47339,0.0,0.0,0.0,0.01686,0.0,0.0,0
0.0,0.0,0.0,0.09523,0.0,0.0,0.0,0.43613,0.83979,0.0,0.0,0.337,0.0,0.0,0.84715,0.0,0.08753,0.0,0.0,0.0,0.0,0.0,0.0,4.38343,0.0,0.0,0.70254,0.11451,0.0,0.0,0
0.0,0.0,0.0,0.23037,0.0,0.0,0.03505,0.01829,0.39344,0.0,0.0,0.0,0.0,0.0,0.71058,0.0,0.0,0.0,0.0,0.0,0.0,0.0,0.0,7.46414,0.0,0.0,0.0,0.0,0.0,0.0,0
0.0,0.0,0.02268,0.2027,0.0,0.0,0.0,1.31557,0.36432,0.0,0.0,0.0,0.0,0.0,0.4595,0.0,0.03561,0.0,0.0,0.0,0.0,16.92936,0.0,4.5934,0.0,0.0,0.00067,0.09051,0.0,0.0,0
0.0,0.0,0.0,0.01371,0.0,0.0,0.04101,7.5361,0.99377,0.0,0.11712,0.0,0.0,0.0,1.66725,0.0,0.04697,0.0047,0.01306,0.01032,0.08381,0.01865,0.0,3.23618,0.0,0.0,0.0,0.26514,0.0,0.0,0
0.0,0.0,0.0,0.03505,0.0,0.0,0.0,1.35517,0.04104,0.0,0.0,0.0,0.0,0.0,0.21161,0.0,0.0,0.0,0.0,0.00047,0.0,0.00616,0.0,0.81648,0.0,0.0,0.0,0.03772,0.0,0.0,0
0.0,0.0,0.0,0.0,0.0,0.0,0.55485,0.00035,0.0,0.0,0.0,5.11113,0.0,0.0,0.01658,0.0,0.0,0.0,0.0,0.0,0.0,0.00692,0.0,15.13601,0.0,0.0,0.0,0.0,0.0,0.00054,1
0.0,0.0,0.0,0.0,0.0,0.0,1.45283,0.0,0.0,0.0,0.0,0.81592,0.0,0.0,4.19148,0.0,0.0,0.02355,0.0,0.0,0.0,0.0,0.0,4.46942,0.0,0.0,0.0,0.0,0.0,0.0,1
0.0,0.0,0.00351,0.00084,0.00116,0.0,3.93672,1.44559,0.01039,0.0,0.0,0.00011,0.0,0.0,2.4274,0.0,0.0,0.0,0.0,0.0,0.0,0.0,0.0,2.37483,0.0,0.0,0.0,0.35365,0.0,0.00287,0
0.00254,0.0,0.0,0.27136,0.0,0.0,0.0,0.03271,0.27731,0.0,0.0,0.0,0.0,0.0,0.14221,0.0,0.0,0.0,0.0,0.00477,0.0559,0.0,0.0,14.12519,0.0,0.0,0.0,0.17372,0.0,0.0,0
0.0,0.0,0.0,0.10319,0.0,0.0,0.03118,0.0,0.75568,0.0,0.0,0.0,0.0,0.0,0.31076,0.0,0.0,0.0,0.0,0.0,0.0,0.0,0.0,9.07618,0.0,0.0,0.0,0.0,0.0,0.0,0
0.0,0.25184,0.00446,0.0,0.0,0.0,1.24662,0.66154,0.12446,0.0,0.0,0.0,0.0,0.00087,0.85697,0.0,0.0,0.0,0.0,0.0,0.00114,0.0,0.0,0.84803,0.0,0.0,0.06113,0.10735,0.0,0.0,1
0.0,0.0,0.08071,0.06902,0.0,0.0,0.0,0.17779,0.68688,0.0,0.0,0.0,0.0,0.0,0.71828,0.0,0.0,0.0,0.0,0.0,0.0,0.0,0.0,2.96982,0.0,0.0,0.00567,0.0466,0.0,0.0014,0
0.0,0.0,0.0,0.02401,0.0,0.0,0.0,0.0,0.07896,0.0,0.0,0.0,0.0,0.0,0.01433,0.0,0.99963,0.0,0.0,0.0,0.0,0.0,0.0,5.468,0.0,0.04841,0.0,0.0,0.0,0.0,1
0.0,0.0,0.0,0.01345,0.0,0.0,0.0,1.45494,0.19622,0.0,0.0,0.0,0.0,0.0,0.0,0.0,0.30132,0.0,0.0057,0.0,0.01294,0.0,0.0,8.10108,0.0,0.15592,0.0,0.05837,0.0,0.0,1
0.0,0.0,0.0,0.0243,0.0,0.0,0.05442,0.42397,0.0,0.0,0.0,0.01647,0.0,0.0,5.48412,0.0,0.0,0.01239,0.0,0.0,0.07336,0.0,0.0,1.79923,0.0,0.0,1.59808,0.0,0.0,0.0,1
0.0,0.0,0.0,0.01423,0.0,0.0,0.0,0.0,0.0,0.0,0.0,0.0,0.0,0.0,4.45448,0.0,0.0,0.0,0.0,0.0,0.03568,0.0,0.0,4.72753,0.0,0.01193,2.00677,0.0,0.0,0.0,1
0.0,0.0,0.0,0.05112,0.0,0.0,0.0,0.0,0.21154,0.0,0.0,0.0,0.0,0.0,0.76573,0.0,0.0,0.0,0.0,0.00474,0.0,0.0,0.0,2.27504,0.0,0.0,0.0,0.0,0.0,0.0,0
0.0,0.0,0.0,0.12277,0.0,0.0,0.0,0.0,0.06082,0.0,0.0,7.05931,0.0,0.0,0.0,0.0,0.0,0.0,0.0,0.04077,0.0,0.0,0.0,8.42845,0.0,0.0,0.0,0.0,0.0,0.0,0
0.0,0.0,0.0,0.30418,0.0,0.0,0.67987,0.82204,0.27445,0.0,0.0,0.0,0.0,0.0,0.0,0.0,0.0,0.0,0.0,0.0045,0.01588,0.0,0.0,1.3414,0.0,0.0,0.31562,0.0203,0.0,0.0,1
0.0,0.0,0.0,0.0,0.0,0.0,0.0,0.12758,0.17749,0.0,0.13368,0.01159,0.0,0.0,0.43131,0.0,0.0,0.0,0.0,0.0,0.0,0.0,0.0,2.84022,0.0,0.0,0.0504,0.04376,0.0,0.0,1
0.0,0.0,0.37842,0.03011,0.0,0.0,0.0,0.53262,0.28587,0.0,1.20993,0.0,0.0,0.0,0.76161,0.0,0.27781,0.0,0.0,0.0,0.0,0.0,0.0,7.08423,0.0,0.0,0.48541,0.45324,0.0,0.0,1
0.0,0.0,0.0,0.0,0.0,0.0,0.0,0.84216,0.0,0.0,0.0,0.0,0.0,0.0,0.0,0.0,0.0,0.0,0.0,0.0,0.03611,0.0,0.0,7.81838,0.0,0.0,0.0,0.05446,0.0,0.0,1
0.0,0.0,0.0,0.0,0.0,0.0,1.51574,1.25809,0.0,0.0,0.0,0.0,0.0,0.0,0.0,0.0,0.0,0.0,0.0,0.0,0.02226,0.0,0.0,12.75406,0.0,0.0,0.0,0.35822,0.0,0.0,1
0.0,0.0,0.01019,0.00036,0.0,0.0,0.0,4.86062,0.37431,0.0,19.09516,0.0,0.0,0.0,6.38344,0.0,0.1708,0.0,0.0,0.0147,0.0,0.0,0.0,0.64449,0.0,0.04215,0.0,0.20247,0.0,0.0,1
0.0,0.0,0.0,0.00505,0.0,0.0,0.0,5.44101,0.57778,0.0,1.51612,0.0,0.0,0.0,1.46457,0.0,0.30614,0.0,0.0,0.0,0.0,0.0,0.0,0.24377,0.0,0.02289,0.0,0.25024,0.0,0.0,1
0.0,0.0,0.0,0.1814,0.0,0.0,0.0,0.0032,4.21476,0.0,0.0,0.0,0.0,0.0,0.0,0.0,0.0,0.0,0.02649,0.0,0.0,0.0,0.0,18.78341,0.0,0.0,0.0,0.0,0.0,0.0,1
0.0,0.0,0.0,0.144,0.0,0.0,0.0,0.00467,4.08907,0.0,0.0,0.0,0.0,0.0,0.0,0.0,0.0,0.0,0.06943,0.01588,0.03963,0.0,0.0,10.62235,0.0,0.0,0.0,0.00229,0.0,0.0,1
0.0,0.0,0.0,0.11328,0.0,0.0,0.0,0.06442,0.47627,0.0,0.0,0.0,0.0,0.0,2.14826,0.0,0.0,0.0,0.0,0.0,0.0,0.0,0.0,1.68993,0.0,0.0,0.00601,0.0,0.0,0.0,1
0.0,0.02221,0.00754,0.00528,0.0,0.0,0.0,0.00039,0.00073,0.0,0.0,0.0,0.0,0.0,0.00095,0.0,0.0,0.00246,0.0,0.0,0.0,0.0,0.0,0.11776,0.0,0.02269,0.0,0.0,0.0,0.0,1
0.0,0.0,0.0,0.0,0.0,0.0,0.09782,0.29407,0.0,0.0,0.0,0.0,0.0,0.0,1.56592,0.0,0.0,0.0,0.0,0.0,0.0,0.0,0.0,0.0,0.0,0.0,0.0,0.0,0.0,0.0,1
0.0,0.0,0.0,0.0,0.0,0.0,1.28871,1.33931,0.02972,0.0,0.0,0.0,0.0,0.0,2.70861,0.0,0.0,0.0,0.0,0.0,0.00831,0.0,0.0,7.90557,0.0,0.0,0.0,0.24935,0.0,0.0,1
0.0,0.0,0.0,0.0,0.0,0.0,0.0,0.0,0.0,0.02612,0.0,0.0,0.0,0.0,3.02138,0.0,0.0,0.0,0.01461,0.44236,0.12996,0.0,0.0,0.33446,0.0,0.0,0.0,0.97895,0.0,0.0,0
0.0,0.0,0.0,0.0,0.0,0.0,0.0,0.0,0.24079,0.0,0.0,0.0,0.0,0.0,0.29938,0.0,0.0,0.0,0.0,0.0,0.0,0.0,0.0,12.96845,0.0,0.0,0.0,0.0,0.0,0.0,1
0.0,0.0,0.0,0.0505,0.0,0.0,0.16781,2.1909,0.01729,0.0,0.0,0.0,0.0,0.0,1.19988,0.0,0.0,0.0,0.0,0.0338,0.0,0.0,0.0,13.46253,0.0,0.0,0.0,0.00868,0.0,0.0,1
0.0,0.0,0.0,0.0,0.0,0.0,0.0,0.01508,0.17074,0.0,0.0,0.21565,0.0,0.0,0.46705,0.0,0.0,0.0,0.0,0.02441,0.0,0.0,0.0,7.651,0.0,0.0,0.20016,0.0,0.0,0.0,0
0.0,0.0,0.0,0.03982,0.0,0.0,0.0,0.1261,0.12433,0.0,0.8035,0.0,0.0,0.0,1.00555,0.0,0.4111,0.0,0.0,0.0,0.0,0.0,0.0,5.51938,0.0,0.0,0.0,0.0,0.0,0.0,0
0.0,0.0,0.0,0.05265,0.0,0.0,0.22627,0.55188,4.34305,0.0,0.0,0.0079,0.0,0.0,1.57148,0.0,0.0,0.0,0.0044,0.05867,0.01032,0.0,0.0,4.81086,0.0,0.0,0.0,0.1056,0.0,0.0,1
0.0,0.0,0.0,0.0063,0.0,0.0,1.02675,1.16654,1.72156,0.0,0.0,0.0,0.0,0.0,1.52774,0.0,0.0,0.0,0.0,0.00053,0.01344,0.0,0.0,1.76736,0.0,0.0,0.0,0.27565,0.0,0.0,1
0.0,0.0,0.0,0.0,0.0,0.0,0.0,0.0194,0.0,0.0,0.0,0.0,0.0,0.0,0.13206,0.0,0.0,0.0,0.0,0.0,0.0,0.0,0.0,2.20192,0.0,0.0,0.0,0.0,0.0,0.0,1
0.0,0.0,0.0,0.0,0.0,0.0,0.0,0.66075,0.09411,0.0,0.0,0.0,0.0,0.0,1.01509,0.0,0.0,0.0,0.0,0.0,0.00578,0.0,0.0,4.1693,0.0,0.0,0.0,0.18242,0.0,0.0,1
0.0,0.0,0.0,0.00577,0.0,0.0,0.0,0.68591,0.49633,0.0,0.0,0.0,0.0,0.0,1.43641,0.0,0.0,0.0,0.0,0.0,0.0,0.0,0.0,1.30663,0.0,0.0,0.10267,0.0,0.0,0.0,1
0.0,0.0,0.23857,0.00718,0.0,0.0,0.0,0.949,1.39199,0.0,0.0,0.0,0.0,0.0,2.52187,0.0,0.0,0.0,0.0,0.0,0.0,0.0,0.0,0.91474,0.0,0.0,0.05524,0.0105,0.0,0.0,1
0.0,0.0,0.0,0.0,0.0,0.0,0.0,0.09205,0.11338,0.0,0.0,0.0,0.0,0.0,0.45004,0.0,0.0,0.0,0.00627,0.0,0.0,0.0,0.0,12.53503,0.0,0.0,0.08318,0.04452,0.0,0.0,0
0.0,0.0,0.0,0.02392,0.0,0.0,0.0,1.5223,2.4802,0.0,0.0,0.0,0.0,0.0,6.27234,0.0,0.46565,0.0,0.0,0.0,0.0,0.0,0.0,0.30324,0.0,0.0,0.0,0.09093,0.0,0.0,1
0.0,0.0,0.0,0.16541,0.0,0.0,0.09756,0.00095,0.30991,0.0,0.0,0.0,0.0,0.0,1.22206,0.0,0.0,0.0,0.0,0.42775,0.11192,0.0,0.0,19.596,0.0,0.0,1.01693,0.05735,0.0,0.0,1
0.0,0.0,0.0,0.0,0.0,0.0,3.4099,4.59061,1.073,0.0,0.14006,0.0,0.0,0.0,1.98031,0.0,0.12956,0.0,0.0,0.0,0.0,0.0,0.0,2.0829,0.0,0.0,0.0,0.08185,0.0,0.0,1
0.0,0.0,0.0,0.12007,0.0,0.0,1.5853,0.78834,1.22959,0.0,0.06398,0.0,0.0,0.0,0.11346,0.0,0.32929,0.0,0.00992,0.0,0.08312,0.0,0.0,2.96114,0.0,0.0,0.0,0.00094,0.0,0.0,1
0.0,0.0,0.0,0.92606,0.0,0.0,1.82411,1.48561,0.76394,0.0,0.0,0.0,0.0,0.0,3.3746,0.0,0.0,0.0,0.0,0.00138,0.0,0.0,0.0,6.86976,0.0,0.0,1.84251,0.08705,0.0,0.0,0
0.0,0.0,0.0,0.0,0.0,0.0,0.0,0.3485,1.07476,0.0,0.00333,0.0,0.0,0.0,0.77126,0.0,0.0,0.0,0.0,0.0,0.0,0.0,0.0,4.41027,0.0,0.0,0.0,0.06913,0.0,0.0,0
0.0,0.0,0.0,0.02861,0.0,0.0,0.0,0.10581,0.32759,0.0,0.0,0.0,0.0,0.0,0.13411,0.0,0.00402,0.0,0.0,0.0,0.02683,0.0,0.0,19.42626,0.0,0.06751,1.02984,0.0614,0.0,0.0,0
0.0,0.0,0.0,0.0,0.0,0.0,0.2778,0.7054,0.33428,0.0,0.0,0.0,0.0,0.0,2.05946,0.0,0.27902,0.00304,0.0,0.0,0.0,0.0,0.0,0.0,0.0,0.0,0.00688,0.0,0.0,0.0,1
0.0,0.0,0.0,0.0,0.0,0.0,0.01443,0.85966,0.60789,0.0,0.0,0.0,0.0,0.0,1.07756,0.0,0.04899,0.0,0.0,0.0,0.0,0.0,0.0,0.05402,0.0,0.0,0.0,0.0,0.0,0.0,1
0.0,0.0,0.03931,0.0,0.0,0.0,0.0,2.29837,1.44651,0.0,0.0,0.0,0.0,0.0,4.50511,0.0,0.12878,0.0,0.0,0.00496,0.0,0.0,0.0,0.30198,0.0,0.0,0.52218,0.26642,0.0,0.0,0
0.0,0.0,0.0,0.07399,0.0,0.0,0.76659,1.32024,0.02284,0.0,0.0,0.0,0.0,0.0,1.47315,0.0,0.0,0.01647,0.0,0.0,0.02944,0.0,0.0,4.66445,0.0,0.0,0.08607,0.0777,0.0,0.0,1
0.0,0.0,0.0,0.11363,0.0,0.0,0.95867,1.89142,0.35201,0.0,0.0,0.0,0.0,0.0,2.93497,0.0,0.0,0.0,0.0,0.0,0.04249,0.0,0.0,11.68527,0.0,0.0,0.00782,0.04593,0.0,0.0,1
0.0,0.0,0.0,0.00892,0.0,0.0,0.0,0.92761,0.31577,0.0,0.52273,0.0,0.0,0.0,1.95218,0.0,0.0,0.0,0.00183,0.00135,0.00968,5.71677,0.0,1.92728,0.0,0.0,0.0317,0.22594,0.0,0.0,0
0.0,0.0,0.0,0.01259,0.0,0.0,0.0,1.35134,0.23053,0.0,0.0,0.0028,0.0,0.0,1.45343,0.0,0.0,0.0,0.0,0.0,0.00381,0.0,0.0,2.15143,0.0,0.0259,11.35227,0.10703,0.0,0.00154,0
0.0,0.0,0.0,0.0,0.0,0.0,0.0,0.0,0.05139,0.0,0.0,0.0,0.0,0.0,0.03377,0.0,3.2545,0.0,0.0,0.0,0.02247,0.0,0.0,5.16466,0.0,0.0,0.00722,0.18187,0.0,0.0,0
0.0,0.0,0.0,0.31982,0.0,0.0,0.77601,0.00105,1.54948,0.0,0.0,0.0,0.0,0.0,0.16825,0.00296,0.0,0.0,0.0,0.04774,0.03692,0.0,0.0,6.99492,0.0,0.0,0.68775,0.00818,0.0,0.0,1
0.0,0.0,0.0,0.30368,0.0,0.0,0.51174,0.0016,0.58484,0.0,0.0,0.0,0.0,0.0,0.04776,0.0,0.0,0.0,0.0,0.00306,0.00149,0.0,0.0,10.57835,0.0,0.0,2.08231,0.0,0.0,0.0,1
0.0,0.0,0.11057,0.02708,0.0,0.0,0.27135,0.41546,2.39822,0.0,0.48336,0.0,0.0,0.0,1.4526,0.0,0.37727,0.0,0.0,0.0,0.0,0.38497,0.0,4.12302,0.0,0.10861,0.0,0.03362,0.0,0.0,0
0.0,0.0,0.00632,0.01544,0.0,0.0,0.0,0.09453,0.37147,0.0,0.18032,0.0,0.0,0.0,0.63421,0.0,0.0,0.0,0.0,0.0,0.0,35.82138,0.0,4.08736,0.0,0.0,0.57628,0.00059,0.0,0.0,0
0.0,0.0,0.0,0.10089,0.0,0.0,0.0,2.17832,1.53259,0.0,0.0,0.0,0.0,0.0,0.92506,0.0,0.0,0.23651,0.0,0.0,0.00977,0.02336,0.0,1.14136,0.0,0.0,0.00442,0.15196,0.0,0.0133,1
0.0,0.0,0.01554,0.0,0.0,0.0,1.86501,2.06389,1.97788,0.0,0.292,0.0,0.0,0.0,5.66348,0.0,0.0,0.0,0.0,0.0032,0.00973,0.0,0.0,1.22406,0.0,0.0,0.0953,0.07599,0.0,0.0,1
0.0,0.0,0.0,0.8733,0.0,0.0,0.08263,0.4277,1.30975,0.0,0.0,0.0,0.0,0.0,0.33315,0.0,0.0,0.0,0.00716,0.0,0.01417,0.0,0.0,6.01674,0.0,0.0,0.0,0.08453,0.0,0.0,1
0.0,0.0,0.0,0.41312,0.0,0.0,0.983,1.58556,0.49088,0.0,0.03508,0.0,0.0,0.0,1.41009,0.0,0.0,0.0,0.0048,0.0,0.01464,0.0,0.0,6.56759,0.0,0.0,0.0,0.32763,0.0,0.0,1
0.0,0.0,0.0,0.03454,0.0,0.0,0.0,0.77104,1.31478,0.0,0.0,0.38238,0.0,0.0,3.20807,0.0,0.0,0.0,0.0,0.01547,0.02442,0.0,0.0,6.34622,0.0,0.0,0.0,0.0323,0.0,0.0,1
0.0,0.0,0.0,0.06204,0.0,0.0,0.0,0.08331,0.0,0.0,0.0,0.0,0.0,0.0,0.00882,0.0,0.0,0.0,0.00179,0.0,0.01345,0.05909,0.0,11.86451,0.0,0.0,0.0,0.05135,0.0,0.0,0
0.0,0.0,0.0,0.19454,0.0,0.0,1.05165,0.56339,1.73103,0.0,0.0,0.09249,0.0,0.0,2.89569,0.0,0.0,0.0,0.00811,0.07059,0.00199,0.0,0.0,6.49436,0.0,0.0,2.4466,0.19378,0.0,0.0,0
0.03465,0.02341,0.055,0.35313,0.0,0.0,0.0,0.98093,0.96713,0.0,0.0,0.0,0.0,0.0,0.60681,0.0,0.07786,0.0,0.0,0.0373,0.0,3.62251,0.0,2.15118,0.0,0.14503,0.0,0.07335,0.0,0.0,0
0.0,0.0,0.0,0.24125,0.0,0.0,0.0,0.65327,0.68701,0.0,0.0,0.0,0.00014,0.0,0.68491,0.0,0.0,0.0,0.0,0.0,0.0,0.0,0.0,0.64518,0.0,0.0,0.0,0.00324,0.0,0.0,0
0.0,0.0,0.0,0.0,0.0,0.0,0.90355,0.96264,0.95246,0.0,1.79967,0.0,0.0,0.0,2.83148,0.0,0.0,0.0,0.00178,0.05627,0.0,0.0,0.0,5.36427,0.0,0.02865,0.0,0.02029,0.0,0.0,1
0.0,0.0,0.0,0.04789,0.0,0.0,0.0,0.43273,1.67356,0.0,0.0,0.0,0.0,0.0,1.07124,0.0,1.80803,0.0,0.0,0.00269,0.01196,0.64083,0.0,8.04492,0.0,0.0,0.0,0.02895,0.0,0.0,0
0.0,0.0,0.0,0.01857,0.0,0.0,0.0,0.31532,0.54202,0.0,0.0,0.0,0.0,0.0,4.72958,0.0,0.13241,0.0,0.0,0.01005,0.00707,15.72593,0.0,4.80115,0.0,0.0,0.0,0.06783,0.0,0.0,1
0.0,0.0,0.00306,0.03295,0.0,0.0,0.00341,1.48364,0.22174,0.0,0.0,0.00638,0.0,0.0,0.93965,0.0,0.24991,0.0,0.00158,0.00653,0.00329,10.22138,0.0,6.94324,0.0,0.0,0.0,0.2784,0.0,0.0,0
0.0,0.0,0.00277,0.03753,0.0,0.0,0.0,1.98462,0.25323,0.0,0.0,0.00029,0.0,0.0,1.06452,0.0,0.30707,0.0,0.0,0.01493,0.0,11.12621,0.0,6.50008,0.0,0.0,0.0,0.26097,0.0,0.0,1
0.0,0.0,0.0,0.03503,0.0,0.0,0.0,0.0,0.06943,0.0,0.0,0.0,0.0,0.0,0.0,0.0,0.0,0.0,0.01731,0.00386,0.04189,0.00076,0.0,6.84115,0.0,0.0,0.0,0.51671,0.0,0.0,1
0.0,0.0,0.0,0.26518,0.0,0.0,0.13277,0.29832,0.46788,0.0,0.0,0.0,0.0,0.0,1.16312,0.0,3.83876,0.0,0.0,0.00493,0.0158,0.0,0.0,16.1439,0.02658,0.0,0.18939,0.00701,0.0,0.0,1
0.0,0.0,0.0,0.08376,0.0,0.0,1.12428,3.33639,1.4428,0.0,0.0,0.0,0.00938,0.0,2.05128,0.0,0.31117,0.0,0.0,0.01301,0.0118,0.0,0.0,7.89772,0.0,0.0,0.34964,0.50689,0.0,0.0,1
0.0,0.0,0.0,0.21477,0.0,0.0,0.0,1.70211,1.41817,0.0,13.22403,0.0,0.0,0.0,1.15865,0.0,0.0,0.0,0.00776,0.0,0.0,0.0,0.0,7.37565,0.0,0.0,0.0,0.0422,0.0,0.0,1
0.0,0.0,0.0,0.00411,0.0,0.0,0.53144,0.02072,0.92891,0.0,0.0,0.59803,0.0,0.0,0.00231,0.0,7.44458,0.0,0.0,0.0,0.03564,0.0,0.0,11.80584,0.0,0.0,0.01605,0.03637,0.0,0.0,1
0.0,0.0,0.01224,0.04041,0.0,0.0,0.0,0.16972,0.59565,0.0,0.0,2.5317,0.0,0.0,0.24432,0.0,1.37691,0.0,0.0,0.0,0.0129,0.0,0.0,12.17908,0.0,0.0,0.05071,0.14205,0.0,0.0,1
0.0,0.0,0.05867,0.02791,0.0,0.0,0.1143,0.32224,0.46591,0.0,0.0,0.63895,0.0,0.0,0.77892,0.0,2.30227,0.0,0.0,0.0,0.00365,0.0,0.0,3.40271,0.0,0.0,0.0,0.06383,0.0,0.0,1
0.0,0.0,0.05375,0.02262,0.0,0.0,0.0,0.53028,0.90313,0.0,0.0,1.50395,0.0,0.0,0.60269,0.0,1.18025,0.0,0.00136,0.0,0.04539,0.0,0.0,7.54355,0.0,0.0,0.06238,0.08399,0.0,0.0,1
0.0,0.0,0.0,0.0,0.0,0.0,0.0,1.91552,0.21622,0.0,0.0,0.0,0.0,0.0,0.86945,0.0,0.0,0.0,0.0,0.0,0.0019,0.0,0.0,0.23174,0.0,0.00259,0.0,0.0,0.0,0.00638,1
0.0,0.0,0.0,0.0,0.0,0.0,0.0,0.44885,0.21227,0.0,0.0,0.0,0.0,0.0,0.20507,0.0,0.0,0.0,0.0,0.0,0.00198,0.0,0.0,0.09068,0.0,0.01055,0.0,0.0,0.0,0.0,1
0.0,0.0,0.0,0.00084,0.0,0.0,1.30839,1.03138,3.87053,0.0,0.0,0.0,0.0,0.0,1.53703,0.0,1.14086,0.0,0.01268,0.04415,0.06008,0.0,0.0,7.3999,0.0,0.0,0.0,0.80152,0.0,0.0,1
0.0,0.0,0.0,9e-05,0.0,0.0,0.04978,0.04301,3.5131,0.0,0.65221,0.0,0.0,0.0,3.82902,0.0,0.10834,0.0,0.00533,0.01795,0.01764,0.0,0.00055,2.11086,0.0,0.0,0.0,0.03149,0.0,0.0,1
0.0,0.0,0.0,0.07097,0.0,0.0,0.36185,0.98712,0.37866,0.0,0.0,0.0,0.0,0.0,1.39269,0.0,1.04423,0.0,0.0,0.07964,0.04833,0.0,0.0,10.33838,0.0,0.0,0.0,0.5459,0.0,0.0,1
0.0,0.0,0.0,0.0,0.0,0.0,0.49676,0.41789,0.00106,0.0,0.0,0.0,0.0,0.0,0.08416,0.0,0.0,0.0,0.0,0.0,0.0,0.0,0.0,0.0,0.0,0.0,0.09373,0.15381,0.0,0.0,1
0.0,0.0,0.16524,0.04727,0.0,0.0,0.0,0.53032,0.3895,0.0,0.1285,0.0,0.0,0.0,0.94705,0.0,0.1031,0.0,0.0,0.0,0.0,0.0,0.0,0.72366,0.00218,0.35355,0.0,0.0,0.0,0.0,0
0.0,0.0,0.0,0.03641,0.0,0.0,0.0,1.25414,0.8827,0.0,0.0,0.0,0.0,0.0,1.84364,0.0,0.0,0.0,0.0,0.00272,0.00491,0.0,0.0,4.63222,0.0,0.30242,0.01728,0.03963,0.0,0.0,1
0.0,0.0,0.04425,0.0,0.0,0.0,0.0,0.0,0.79724,0.0,0.0,0.06958,0.0,0.0,1.33996,0.0,0.0,0.0,0.0,0.00563,0.0,0.0,0.0,6.07923,0.0,0.0,0.0,0.06417,0.0,0.0,0
0.0,0.0,0.0,0.02692,0.0,0.0,0.0,0.1638,0.11173,0.0,0.0,0.00163,0.0,0.0,0.03101,0.0,0.43494,0.0,0.00116,0.0,0.00365,0.0,0.0,20.10063,0.0,0.08131,0.51797,0.06797,0.0,0.0,0
0.0,0.0,0.0,0.11093,0.0,0.0,0.68928,1.37965,0.05379,0.0,0.0,4.85202,0.0,0.0,1.20744,0.0,0.2593,0.0,0.00624,0.13915,0.02018,0.0,0.0,12.16394,0.0,0.0,0.0,0.16629,0.0,0.0,0
0.0,0.0,0.0,0.13945,0.0,0.0,0.0,0.29489,0.16756,0.0,0.0,0.0,0.0,0.0,0.392,0.0,0.0,0.0,0.0,0.0,0.0,0.0,0.0,0.69971,0.0,0.03516,0.0,0.01009,0.0,0.0,0
0.0,0.0,0.0,0.0,0.0,0.0,0.0,0.0,0.93629,0.0,0.03037,0.0,0.0,0.0,3.97883,0.0,0.50807,0.0,0.0,0.0,0.0,0.0,0.0,7.52888,0.0,0.0,0.0,0.05412,0.0,0.0,0
0.0,0.0,0.0,0.06224,0.0,0.0,0.0,0.53329,0.44578,0.0,0.0,0.0,0.0,0.0,2.11996,0.0,0.0,0.0,0.0,0.65331,0.0,25.7761,0.0,2.34455,0.0,0.0,0.27797,0.37006,0.0,0.0,0
